ID;PLZ;REGSCHL;ORT;STAND;Sortierung;ART
163610;"32049";"05758012";"Herford";;null;6
163611;"32051";"05758012";"Herford";;null;6
163612;"32052";"05758012";"Herford";;null;6
163636;"32105";"05766008";"Bad Salzuflen";;null;6
163637;"32107";"05766008";"Bad Salzuflen";;null;6
163638;"32108";"05766008";"Bad Salzuflen";;null;6
163644;"32120";"05758016";"Hiddenhausen";;null;6
163649;"32130";"05758008";"Enger";;null;6
163654;"32139";"05758032";"Spenge";;null;6
163678;"32257";"05758004";"Bünde";;null;6
163684;"32278";"05758020";"Kirchlengern";;null;6
163690;"32289";"05758028";"Rödinghausen";;null;6
163698;"32312";"05770020";"Lübbecke";;null;6
163706;"32339";"05770008";"Espelkamp";;null;6
163710;"32351";"05770044";"Stemwede";;null;6
163713;"32361";"05770036";"Preußisch Oldendorf";;null;6
163717;"32369";"05770040";"Rahden";;null;6
163751;"32423";"05770024";"Minden";;null;6
163752;"32425";"05770024";"Minden";;null;6
163753;"32427";"05770024";"Minden";;null;6
163754;"32429";"05770024";"Minden";;null;6
163764;"32457";"05770032";"Porta Westfalica";;null;6
163768;"32469";"05770028";"Petershagen";;null;6
163772;"32479";"05770012";"Hille";;null;6
163793;"32545";"05770004";"Bad Oeynhausen";;null;6
163794;"32547";"05770004";"Bad Oeynhausen";;null;6
163795;"32549";"05770004";"Bad Oeynhausen";;null;6
163807;"32584";"05758024";"Löhne";;null;6
163815;"32602";"05758036";"Vlotho";;null;6
163819;"32609";"05770016";"Hüllhorst";;null;6
163833;"32657";"05766044";"Lemgo";;null;6
163834;"32676";"05766052";"Lügde";;null;6
163838;"32683";"05766012";"Barntrup";;null;6
163839;"32689";"05766036";"Kalletal";;null;6
163842;"32694";"05766024";"Dörentrup";;null;6
163845;"32699";"05766028";"Extertal";;null;6
163883;"32756";"05766020";"Detmold";;null;6
163884;"32758";"05766020";"Detmold";;null;6
163885;"32760";"05766020";"Detmold";;null;6
163886;"32791";"05766040";"Lage";;null;6
163890;"32805";"05766032";"Horn-Bad Meinberg";;null;6
163894;"32816";"05766060";"Schieder-Schwalenberg";;null;6
163900;"32825";"05766016";"Blomberg";;null;6
163904;"32832";"05766004";"Augustdorf";;null;6
163908;"32839";"05762032";"Steinheim";;null;6
163915;"33014";"05762004";"Bad Driburg";;null;6
163921;"33034";"05762016";"Brakel";;null;6
163924;"33039";"05762028";"Nieheim";;null;6
163959;"33098";"05774032";"Paderborn";;null;6
163960;"33100";"05774032";"Paderborn";;null;6
163961;"33102";"05774032";"Paderborn";;null;6
163962;"33104";"05774032";"Paderborn";;null;6
163963;"33106";"05774032";"Paderborn";;null;6
163969;"33129";"05774020";"Delbrück";;null;6
163974;"33142";"05774016";"Büren";;null;6
163979;"33154";"05774032";"Paderborn";;null;6
163980;"33154";"05774036";"Salzkotten";;null;6
163984;"33161";"05774024";"Hövelhof";;null;6
163985;"33161";"05774032";"Paderborn";;null;6
163986;"33165";"05774028";"Lichtenau";;null;6
163992;"33175";"05774008";"Bad Lippspringe";;null;6
163994;"33178";"05774012";"Borchen";;null;6
163996;"33181";"05774040";"Bad Wünnenberg";;null;6
163998;"33184";"05774004";"Altenbeken";;null;6
164001;"33189";"05766064";"Schlangen";;null;6
164052;"33330";"05754008";"Gütersloh";;null;6
164053;"33332";"05754008";"Gütersloh";;null;6
164054;"33333";"05754008";"Gütersloh";;null;6
164055;"33334";"05754008";"Gütersloh";;null;6
164056;"33335";"05754008";"Gütersloh";;null;6
164087;"33378";"05754028";"Rheda-Wiedenbrück";;null;6
164098;"33397";"05754032";"Rietberg";;null;6
164115;"33415";"05754044";"Verl";;null;6
164125;"33428";"05754016";"Marienfeld";;null;6
164126;"33428";"05754016";"Harsewinkel";;null;6
164134;"33442";"05754020";"Herzebrock-Clarholz";;null;6
164137;"33449";"05754024";"Langenberg";;null;6
164200;"33602";"05711000";"Bielefeld";;null;6
164201;"33604";"05711000";"Bielefeld";;null;6
164202;"33605";"05711000";"Bielefeld";;null;6
164203;"33607";"05711000";"Bielefeld";;null;6
164204;"33609";"05711000";"Bielefeld";;null;6
164205;"33611";"05711000";"Bielefeld";;null;6
164206;"33613";"05711000";"Bielefeld";;null;6
164207;"33615";"05711000";"Bielefeld";;null;6
164208;"33617";"05711000";"Bielefeld";;null;6
164209;"33619";"05711000";"Bielefeld";;null;6
164224;"33647";"05711000";"Bielefeld";;null;6
164225;"33649";"05711000";"Bielefeld";;null;6
164229;"33659";"05711000";"Bielefeld";;null;6
164231;"33689";"05711000";"Bielefeld";;null;6
164234;"33699";"05711000";"Bielefeld";;null;6
164236;"33719";"05711000";"Bielefeld";;null;6
164237;"33729";"05711000";"Bielefeld";;null;6
164241;"33739";"05711000";"Bielefeld";;null;6
164247;"33758";"05754036";"Schloß Holte-Stukenbrock";;null;6
164256;"33775";"05754048";"Versmold";;null;6
164268;"33790";"05754012";"Halle (Westf.)";;null;6
164275;"33803";"05754040";"Steinhagen";;null;6
164280;"33813";"05766056";"Oerlinghausen";;null;6
164284;"33818";"05766048";"Leopoldshöhe";;null;6
164287;"33824";"05754052";"Werther (Westf.)";;null;6
164290;"33829";"05754004";"Borgholzhausen";;null;6
164297;"34414";"05762036";"Warburg";;null;6
164303;"34431";"05958024";"Marsberg";;null;6
164305;"34434";"05762012";"Borgentreich";;null;6
164308;"34439";"05762040";"Willebadessen";;null;6
164317;"37671";"05762020";"Höxter";;null;6
164322;"37688";"05762008";"Beverungen";;null;6
164324;"37696";"05762024";"Marienmünster";;null;6
164462;"40210";"05111000";"Düsseldorf";;null;6
164463;"40211";"05111000";"Düsseldorf";;null;6
164464;"40212";"05111000";"Düsseldorf";;null;6
164465;"40213";"05111000";"Düsseldorf";;null;6
164466;"40215";"05111000";"Düsseldorf";;null;6
164467;"40217";"05111000";"Düsseldorf";;null;6
164468;"40219";"05111000";"Düsseldorf";;null;6
164469;"40221";"05111000";"Düsseldorf";;null;6
164470;"40223";"05111000";"Düsseldorf";;null;6
164471;"40225";"05111000";"Düsseldorf";;null;6
164472;"40227";"05111000";"Düsseldorf";;null;6
164473;"40229";"05111000";"Düsseldorf";;null;6
164474;"40231";"05111000";"Düsseldorf";;null;6
164475;"40233";"05111000";"Düsseldorf";;null;6
164476;"40235";"05111000";"Düsseldorf";;null;6
164477;"40237";"05111000";"Düsseldorf";;null;6
164478;"40239";"05111000";"Düsseldorf";;null;6
164529;"40468";"05111000";"Düsseldorf";;null;6
164530;"40470";"05111000";"Düsseldorf";;null;6
164531;"40472";"05111000";"Düsseldorf";;null;6
164532;"40472";"05158028";"Ratingen";;null;6
164533;"40474";"05111000";"Düsseldorf";;null;6
164534;"40476";"05111000";"Düsseldorf";;null;6
164535;"40477";"05111000";"Düsseldorf";;null;6
164536;"40479";"05111000";"Düsseldorf";;null;6
164539;"40489";"05111000";"Düsseldorf";;null;6
164565;"40545";"05111000";"Düsseldorf";;null;6
164566;"40547";"05111000";"Düsseldorf";;null;6
164567;"40549";"05111000";"Düsseldorf";;null;6
164587;"40589";"05111000";"Düsseldorf";;null;6
164588;"40591";"05111000";"Düsseldorf";;null;6
164589;"40593";"05111000";"Düsseldorf";;null;6
164590;"40595";"05111000";"Düsseldorf";;null;6
164591;"40597";"05111000";"Düsseldorf";;null;6
164592;"40599";"05111000";"Düsseldorf";;null;6
164600;"40625";"05111000";"Düsseldorf";;null;6
164601;"40627";"05111000";"Düsseldorf";;null;6
164602;"40629";"05111000";"Düsseldorf";;null;6
164619;"40667";"05162022";"Meerbusch";;null;6
164620;"40668";"05162022";"Meerbusch";;null;6
164621;"40670";"05162022";"Meerbusch";;null;6
164635;"40699";"05158004";"Erkrath";;null;6
164648;"40721";"05111000";"Düsseldorf";;null;6
164649;"40721";"05158016";"Hilden";;null;6
164650;"40723";"05158016";"Hilden";;null;6
164651;"40724";"05158016";"Hilden";;null;6
164663;"40764";"05158020";"Langenfeld (Rheinland)";;null;6
164677;"40789";"05158026";"Monheim am Rhein";;null;6
164690;"40822";"05158024";"Mettmann";;null;6
164720;"40878";"05158028";"Ratingen";;null;6
164721;"40880";"05158028";"Ratingen";;null;6
164722;"40882";"05158028";"Ratingen";;null;6
164723;"40883";"05158028";"Ratingen";;null;6
164724;"40885";"05158028";"Ratingen";;null;6
164753;"41061";"05116000";"Mönchengladbach";;null;6
164754;"41063";"05116000";"Mönchengladbach";;null;6
164755;"41065";"05116000";"Mönchengladbach";;null;6
164756;"41066";"05116000";"Mönchengladbach";;null;6
164757;"41068";"05116000";"Mönchengladbach";;null;6
164758;"41069";"05116000";"Mönchengladbach";;null;6
164762;"41169";"05116000";"Mönchengladbach";;null;6
164765;"41179";"05116000";"Mönchengladbach";;null;6
164769;"41189";"05116000";"Mönchengladbach";;null;6
164774;"41199";"05116000";"Mönchengladbach";;null;6
164793;"41236";"05116000";"Mönchengladbach";;null;6
164794;"41238";"05116000";"Mönchengladbach";;null;6
164795;"41239";"05116000";"Mönchengladbach";;null;6
164812;"41334";"05166016";"Nettetal";;null;6
164821;"41352";"05162020";"Korschenbroich";;null;6
164827;"41363";"05162012";"Jüchen";;null;6
164829;"41366";"05166024";"Schwalmtal";;null;6
164832;"41372";"05166020";"Niederkrüchten";;null;6
164836;"41379";"05166004";"Brüggen";;null;6
164872;"41460";"05162024";"Neuss";;null;6
164873;"41462";"05162024";"Neuss";;null;6
164874;"41464";"05162024";"Neuss";;null;6
164875;"41466";"05162024";"Neuss";;null;6
164876;"41468";"05162024";"Neuss";;null;6
164877;"41469";"05162024";"Neuss";;null;6
164878;"41470";"05162024";"Neuss";;null;6
164879;"41472";"05162024";"Neuss";;null;6
164895;"41515";"05162008";"Grevenbroich";;null;6
164896;"41516";"05162008";"Grevenbroich";;null;6
164897;"41517";"05162008";"Grevenbroich";;null;6
164912;"41539";"05162004";"Dormagen";;null;6
164913;"41540";"05162004";"Dormagen";;null;6
164914;"41541";"05162004";"Dormagen";;null;6
164915;"41542";"05162004";"Dormagen";;null;6
164926;"41564";"05162016";"Kaarst";;null;6
164929;"41569";"05162028";"Rommerskirchen";;null;6
164954;"41747";"05166032";"Viersen";;null;6
164955;"41748";"05166032";"Viersen";;null;6
164956;"41749";"05166032";"Viersen";;null;6
164957;"41751";"05166032";"Viersen";;null;6
164964;"41812";"05370004";"Erkelenz";;null;6
164971;"41836";"05370020";"Hückelhoven";;null;6
164976;"41844";"05370040";"Wegberg";;null;6
164977;"41849";"05370036";"Wassenberg";;null;6
165031;"42103";"05124000";"Wuppertal";;null;6
165032;"42105";"05124000";"Wuppertal";;null;6
165033;"42107";"05124000";"Wuppertal";;null;6
165034;"42109";"05124000";"Wuppertal";;null;6
165035;"42111";"05124000";"Wuppertal";;null;6
165036;"42113";"05124000";"Wuppertal";;null;6
165037;"42115";"05124000";"Wuppertal";;null;6
165038;"42117";"05124000";"Wuppertal";;null;6
165039;"42119";"05124000";"Wuppertal";;null;6
165102;"42275";"05124000";"Wuppertal";;null;6
165103;"42277";"05124000";"Wuppertal";;null;6
165104;"42279";"05124000";"Wuppertal";;null;6
165105;"42281";"05124000";"Wuppertal";;null;6
165106;"42283";"05124000";"Wuppertal";;null;6
165107;"42285";"05124000";"Wuppertal";;null;6
165108;"42287";"05124000";"Wuppertal";;null;6
165109;"42289";"05124000";"Wuppertal";;null;6
165119;"42327";"05124000";"Wuppertal";;null;6
165120;"42329";"05124000";"Wuppertal";;null;6
165132;"42349";"05124000";"Wuppertal";;null;6
165140;"42369";"05124000";"Wuppertal";;null;6
165146;"42389";"05124000";"Wuppertal";;null;6
165147;"42399";"05124000";"Wuppertal";;null;6
165161;"42477";"05374036";"Radevormwald";;null;6
165167;"42489";"05158036";"Wülfrath";;null;6
165172;"42499";"05374016";"Hückeswagen";;null;6
165199;"42549";"05158032";"Velbert";;null;6
165200;"42551";"05158032";"Velbert";;null;6
165201;"42553";"05158032";"Velbert";;null;6
165202;"42555";"05158032";"Velbert";;null;6
165213;"42579";"05158012";"Heiligenhaus";;null;6
165240;"42651";"05122000";"Solingen";;null;6
165241;"42653";"05122000";"Solingen";;null;6
165242;"42655";"05122000";"Solingen";;null;6
165243;"42657";"05122000";"Solingen";;null;6
165244;"42659";"05122000";"Solingen";;null;6
165257;"42697";"05122000";"Solingen";;null;6
165258;"42699";"05122000";"Solingen";;null;6
165268;"42719";"05122000";"Solingen";;null;6
165281;"42781";"05158008";"Haan";;null;6
165289;"42799";"05378016";"Leichlingen (Rheinland)";;null;6
165312;"42853";"05120000";"Remscheid";;null;6
165313;"42855";"05120000";"Remscheid";;null;6
165314;"42857";"05120000";"Remscheid";;null;6
165315;"42859";"05120000";"Remscheid";;null;6
165330;"42897";"05120000";"Remscheid";;null;6
165331;"42899";"05120000";"Remscheid";;null;6
165342;"42929";"05378032";"Wermelskirchen";;null;6
165432;"44135";"05913000";"Dortmund";;null;6
165433;"44137";"05913000";"Dortmund";;null;6
165434;"44139";"05913000";"Dortmund";;null;6
165435;"44141";"05913000";"Dortmund";;null;6
165436;"44143";"05913000";"Dortmund";;null;6
165437;"44145";"05913000";"Dortmund";;null;6
165438;"44147";"05913000";"Dortmund";;null;6
165439;"44149";"05913000";"Dortmund";;null;6
165450;"44225";"05913000";"Dortmund";;null;6
165451;"44227";"05913000";"Dortmund";;null;6
165452;"44229";"05913000";"Dortmund";;null;6
165463;"44263";"05913000";"Dortmund";;null;6
165464;"44265";"05913000";"Dortmund";;null;6
165465;"44267";"05913000";"Dortmund";;null;6
165466;"44269";"05913000";"Dortmund";;null;6
165475;"44287";"05913000";"Dortmund";;null;6
165476;"44289";"05913000";"Dortmund";;null;6
165481;"44309";"05913000";"Dortmund";;null;6
165486;"44319";"05913000";"Dortmund";;null;6
165487;"44328";"05913000";"Dortmund";;null;6
165488;"44329";"05913000";"Dortmund";;null;6
165492;"44339";"05913000";"Dortmund";;null;6
165497;"44357";"05913000";"Dortmund";;null;6
165498;"44359";"05913000";"Dortmund";;null;6
165501;"44369";"05913000";"Dortmund";;null;6
165505;"44379";"05913000";"Dortmund";;null;6
165509;"44388";"05913000";"Dortmund";;null;6
165535;"44532";"05978024";"Lünen";;null;6
165536;"44534";"05978024";"Lünen";;null;6
165537;"44536";"05978024";"Lünen";;null;6
165554;"44575";"05562004";"Castrop-Rauxel";;null;6
165555;"44577";"05562004";"Castrop-Rauxel";;null;6
165556;"44579";"05562004";"Castrop-Rauxel";;null;6
165557;"44581";"05562004";"Castrop-Rauxel";;null;6
165568;"44623";"05916000";"Herne";;null;6
165569;"44625";"05916000";"Herne";;null;6
165570;"44627";"05916000";"Herne";;null;6
165571;"44628";"05916000";"Herne";;null;6
165572;"44629";"05916000";"Herne";;null;6
165577;"44649";"05916000";"Herne";;null;6
165578;"44651";"05916000";"Herne";;null;6
165579;"44652";"05916000";"Herne";;null;6
165580;"44653";"05916000";"Herne";;null;6
165631;"44787";"05911000";"Bochum";;null;6
165632;"44789";"05911000";"Bochum";;null;6
165633;"44791";"05911000";"Bochum";;null;6
165634;"44793";"05911000";"Bochum";;null;6
165635;"44795";"05911000";"Bochum";;null;6
165636;"44797";"05911000";"Bochum";;null;6
165637;"44799";"05911000";"Bochum";;null;6
165638;"44801";"05911000";"Bochum";;null;6
165639;"44803";"05911000";"Bochum";;null;6
165640;"44805";"05911000";"Bochum";;null;6
165641;"44807";"05911000";"Bochum";;null;6
165642;"44809";"05911000";"Bochum";;null;6
165655;"44866";"05911000";"Bochum";;null;6
165656;"44867";"05911000";"Bochum";;null;6
165657;"44869";"05911000";"Bochum";;null;6
165663;"44879";"05911000";"Bochum";;null;6
165664;"44892";"05911000";"Bochum";;null;6
165665;"44894";"05911000";"Bochum";;null;6
165763;"45127";"05113000";"Essen";;null;6
165764;"45128";"05113000";"Essen";;null;6
165765;"45130";"05113000";"Essen";;null;6
165766;"45131";"05113000";"Essen";;null;6
165767;"45133";"05113000";"Essen";;null;6
165768;"45134";"05113000";"Essen";;null;6
165769;"45136";"05113000";"Essen";;null;6
165770;"45138";"05113000";"Essen";;null;6
165771;"45139";"05113000";"Essen";;null;6
165772;"45141";"05113000";"Essen";;null;6
165773;"45143";"05113000";"Essen";;null;6
165774;"45144";"05113000";"Essen";;null;6
165775;"45145";"05113000";"Essen";;null;6
165776;"45147";"05113000";"Essen";;null;6
165777;"45149";"05113000";"Essen";;null;6
165787;"45219";"05113000";"Essen";;null;6
165793;"45239";"05113000";"Essen";;null;6
165799;"45257";"05113000";"Essen";;null;6
165800;"45259";"05113000";"Essen";;null;6
165807;"45276";"05113000";"Essen";;null;6
165808;"45277";"05113000";"Essen";;null;6
165809;"45279";"05113000";"Essen";;null;6
165812;"45289";"05113000";"Essen";;null;6
165818;"45307";"05113000";"Essen";;null;6
165819;"45309";"05113000";"Essen";;null;6
165826;"45326";"05113000";"Essen";;null;6
165827;"45327";"05113000";"Essen";;null;6
165828;"45329";"05113000";"Essen";;null;6
165838;"45355";"05113000";"Essen";;null;6
165839;"45356";"05113000";"Essen";;null;6
165840;"45357";"05113000";"Essen";;null;6
165841;"45359";"05113000";"Essen";;null;6
165882;"45468";"05117000";"Mülheim an der Ruhr";;null;6
165883;"45470";"05117000";"Mülheim an der Ruhr";;null;6
165884;"45472";"05117000";"Mülheim an der Ruhr";;null;6
165885;"45473";"05117000";"Mülheim an der Ruhr";;null;6
165886;"45475";"05117000";"Mülheim an der Ruhr";;null;6
165887;"45476";"05117000";"Mülheim an der Ruhr";;null;6
165888;"45478";"05117000";"Mülheim an der Ruhr";;null;6
165889;"45479";"05117000";"Mülheim an der Ruhr";;null;6
165890;"45481";"05117000";"Mülheim an der Ruhr";;null;6
165900;"45525";"05954016";"Hattingen";;null;6
165901;"45527";"05954016";"Hattingen";;null;6
165902;"45529";"05954016";"Hattingen";;null;6
165909;"45549";"05954028";"Sprockhövel";;null;6
165940;"45657";"05562032";"Recklinghausen";;null;6
165941;"45659";"05562032";"Recklinghausen";;null;6
165942;"45661";"05562032";"Recklinghausen";;null;6
165943;"45663";"05562032";"Recklinghausen";;null;6
165944;"45665";"05562032";"Recklinghausen";;null;6
165957;"45699";"05562020";"Herten";;null;6
165958;"45701";"05562020";"Herten";;null;6
165963;"45711";"05562008";"Datteln";;null;6
165970;"45721";"05562016";"Haltern am See";;null;6
165976;"45731";"05562036";"Waltrop";;null;6
165980;"45739";"05562028";"Oer-Erkenschwick";;null;6
165998;"45768";"05562024";"Marl";;null;6
165999;"45770";"05562024";"Marl";;null;6
166000;"45772";"05562024";"Marl";;null;6
166052;"45879";"05513000";"Gelsenkirchen";;null;6
166053;"45881";"05513000";"Gelsenkirchen";;null;6
166054;"45883";"05513000";"Gelsenkirchen";;null;6
166055;"45884";"05513000";"Gelsenkirchen";;null;6
166056;"45886";"05513000";"Gelsenkirchen";;null;6
166057;"45888";"05513000";"Gelsenkirchen";;null;6
166058;"45889";"05513000";"Gelsenkirchen";;null;6
166059;"45891";"05513000";"Gelsenkirchen";;null;6
166060;"45892";"05513000";"Gelsenkirchen";;null;6
166061;"45894";"05513000";"Gelsenkirchen";;null;6
166062;"45896";"05513000";"Gelsenkirchen";;null;6
166063;"45897";"05513000";"Gelsenkirchen";;null;6
166064;"45899";"05513000";"Gelsenkirchen";;null;6
166073;"45964";"05562014";"Gladbeck";;null;6
166074;"45966";"05562014";"Gladbeck";;null;6
166075;"45968";"05562014";"Gladbeck";;null;6
166082;"46045";"05119000";"Oberhausen";;null;6
166083;"46047";"05119000";"Oberhausen";;null;6
166084;"46049";"05119000";"Oberhausen";;null;6
166089;"46117";"05119000";"Oberhausen";;null;6
166090;"46119";"05119000";"Oberhausen";;null;6
166101;"46145";"05119000";"Oberhausen";;null;6
166102;"46147";"05119000";"Oberhausen";;null;6
166103;"46149";"05119000";"Oberhausen";;null;6
166125;"46236";"05512000";"Bottrop";;null;6
166126;"46238";"05512000";"Bottrop";;null;6
166127;"46240";"05512000";"Bottrop";;null;6
166128;"46242";"05512000";"Bottrop";;null;6
166129;"46244";"05512000";"Bottrop";;null;6
166141;"46282";"05562012";"Dorsten";;null;6
166142;"46284";"05562012";"Dorsten";;null;6
166143;"46286";"05562012";"Dorsten";;null;6
166148;"46325";"05554012";"Borken";;null;6
166152;"46342";"05554064";"Velen";;null;6
166155;"46348";"05554040";"Raesfeld";;null;6
166157;"46354";"05554060";"Südlohn";;null;6
166160;"46359";"05554028";"Heiden";;null;6
166175;"46395";"05554008";"Bocholt";;null;6
166176;"46397";"05554008";"Bocholt";;null;6
166177;"46399";"05554008";"Bocholt";;null;6
166180;"46414";"05554048";"Rhede";;null;6
166181;"46419";"05554032";"Isselburg";;null;6
166194;"46446";"05154008";"Emmerich am Rhein";;null;6
166198;"46459";"05154044";"Rees";;null;6
166214;"46483";"05170048";"Wesel";;null;6
166215;"46485";"05170048";"Wesel";;null;6
166216;"46487";"05170048";"Wesel";;null;6
166221;"46499";"05170012";"Hamminkeln";;null;6
166225;"46509";"05170052";"Xanten";;null;6
166228;"46514";"05170036";"Schermbeck";;null;6
166231;"46519";"05170004";"Alpen";;null;6
166239;"46535";"05170008";"Dinslaken";;null;6
166240;"46537";"05170008";"Dinslaken";;null;6
166241;"46539";"05170008";"Dinslaken";;null;6
166250;"46562";"05170044";"Voerde (Niederrhein)";;null;6
166253;"46569";"05170016";"Hünxe";;null;6
166287;"47051";"05112000";"Duisburg";;null;6
166288;"47053";"05112000";"Duisburg";;null;6
166289;"47055";"05112000";"Duisburg";;null;6
166290;"47057";"05112000";"Duisburg";;null;6
166291;"47058";"05112000";"Duisburg";;null;6
166292;"47059";"05112000";"Duisburg";;null;6
166303;"47119";"05112000";"Duisburg";;null;6
166313;"47137";"05112000";"Duisburg";;null;6
166314;"47138";"05112000";"Duisburg";;null;6
166315;"47139";"05112000";"Duisburg";;null;6
166327;"47166";"05112000";"Duisburg";;null;6
166328;"47167";"05112000";"Duisburg";;null;6
166329;"47169";"05112000";"Duisburg";;null;6
166333;"47178";"05112000";"Duisburg";;null;6
166334;"47179";"05112000";"Duisburg";;null;6
166341;"47198";"05112000";"Duisburg";;null;6
166342;"47199";"05112000";"Duisburg";;null;6
166343;"47226";"05112000";"Duisburg";;null;6
166344;"47228";"05112000";"Duisburg";;null;6
166345;"47229";"05112000";"Duisburg";;null;6
166349;"47239";"05112000";"Duisburg";;null;6
166351;"47249";"05112000";"Duisburg";;null;6
166355;"47259";"05112000";"Duisburg";;null;6
166358;"47269";"05112000";"Duisburg";;null;6
166359;"47279";"05112000";"Duisburg";;null;6
166390;"47441";"05170024";"Moers";;null;6
166391;"47443";"05170024";"Moers";;null;6
166392;"47445";"05170024";"Moers";;null;6
166393;"47447";"05170024";"Moers";;null;6
166403;"47475";"05170020";"Kamp-Lintfort";;null;6
166409;"47495";"05170032";"Rheinberg";;null;6
166417;"47506";"05170028";"Neukirchen-Vluyn";;null;6
166419;"47509";"05154048";"Rheurdt";;null;6
166431;"47533";"05154036";"Kleve";;null;6
166432;"47546";"05154024";"Kalkar";;null;6
166435;"47551";"05154004";"Bedburg-Hau";;null;6
166436;"47559";"05154040";"Kranenburg";;null;6
166438;"47574";"05154016";"Goch";;null;6
166440;"47589";"05154056";"Uedem";;null;6
166451;"47608";"05154012";"Geldern";;null;6
166455;"47623";"05154032";"Kevelaer";;null;6
166456;"47624";"05154032";"Kevelaer";;null;6
166457;"47625";"05154032";"Kevelaer";;null;6
166458;"47626";"05154032";"Kevelaer";;null;6
166459;"47627";"05154032";"Kevelaer";;null;6
166464;"47638";"05154052";"Straelen";;null;6
166467;"47647";"05154028";"Kerken";;null;6
166470;"47652";"05154064";"Weeze";;null;6
166473;"47661";"05154020";"Issum";;null;6
166476;"47665";"05170040";"Sonsbeck";;null;6
166479;"47669";"05154060";"Wachtendonk";;null;6
166532;"47798";"05114000";"Krefeld";;null;6
166533;"47799";"05114000";"Krefeld";;null;6
166534;"47800";"05114000";"Krefeld";;null;6
166535;"47802";"05114000";"Krefeld";;null;6
166536;"47803";"05114000";"Krefeld";;null;6
166537;"47804";"05114000";"Krefeld";;null;6
166538;"47805";"05114000";"Krefeld";;null;6
166539;"47807";"05114000";"Krefeld";;null;6
166540;"47809";"05114000";"Krefeld";;null;6
166547;"47829";"05114000";"Krefeld";;null;6
166551;"47839";"05114000";"Krefeld";;null;6
166564;"47877";"05166036";"Willich";;null;6
166584;"47906";"05166012";"Kempen";;null;6
166590;"47918";"05166028";"Tönisvorst";;null;6
166593;"47929";"05166008";"Grefrath";;null;6
166695;"48143";"05515000";"Münster";;null;6
166696;"48145";"05515000";"Münster";;null;6
166697;"48147";"05515000";"Münster";;null;6
166698;"48149";"05515000";"Münster";;null;6
166699;"48151";"05515000";"Münster";;null;6
166700;"48153";"05515000";"Münster";;null;6
166701;"48155";"05515000";"Münster";;null;6
166702;"48157";"05515000";"Münster";;null;6
166703;"48159";"05515000";"Münster";;null;6
166704;"48161";"05515000";"Münster";;null;6
166705;"48163";"05515000";"Münster";;null;6
166706;"48165";"05515000";"Münster";;null;6
166707;"48167";"05515000";"Münster";;null;6
166725;"48231";"05570052";"Warendorf";;null;6
166732;"48249";"05558016";"Dülmen";;null;6
166743;"48268";"05566012";"Greven";;null;6
166749;"48282";"05566008";"Emsdetten";;null;6
166750;"48291";"05570044";"Telgte";;null;6
166756;"48301";"05558032";"Nottuln";;null;6
166759;"48308";"05558044";"Senden";;null;6
166760;"48317";"05570016";"Drensteinfurt";;null;6
166763;"48324";"05570040";"Sendenhorst";;null;6
166766;"48329";"05558020";"Havixbeck";;null;6
166769;"48336";"05570036";"Sassenberg";;null;6
166770;"48341";"05566004";"Altenberge";;null;6
166773;"48346";"05570032";"Ostbevern";;null;6
166777;"48351";"05570024";"Everswinkel";;null;6
166778;"48356";"05566064";"Nordwalde";;null;6
166779;"48361";"05570012";"Beelen";;null;6
166782;"48366";"05566036";"Laer";;null;6
166783;"48369";"05566080";"Saerbeck";;null;6
166794;"48429";"05566076";"Rheine";;null;6
166795;"48431";"05566076";"Rheine";;null;6
166796;"48432";"05566076";"Rheine";;null;6
166800;"48477";"05566016";"Hörstel";;null;6
166804;"48485";"05566060";"Neuenkirchen";;null;6
166808;"48493";"05566096";"Wettringen";;null;6
166810;"48496";"05566020";"Hopsten";;null;6
166823;"48565";"05566084";"Steinfurt";;null;6
166838;"48599";"05554020";"Gronau (Westf.)";;null;6
166844;"48607";"05566068";"Ochtrup";;null;6
166845;"48612";"05566024";"Horstmar";;null;6
166848;"48619";"05554024";"Heek";;null;6
166849;"48624";"05554052";"Schöppingen";;null;6
166852;"48629";"05566052";"Metelen";;null;6
166867;"48653";"05558012";"Coesfeld";;null;6
166879;"48683";"05554004";"Ahaus";;null;6
166883;"48691";"05554068";"Vreden";;null;6
166891;"48703";"05554056";"Stadtlohn";;null;6
166896;"48712";"05554016";"Gescher";;null;6
166900;"48720";"05558040";"Rosendahl";;null;6
166904;"48727";"05558008";"Billerbeck";;null;6
166906;"48734";"05554044";"Reken";;null;6
166909;"48739";"05554036";"Legden";;null;6
166918;"49477";"05566028";"Ibbenbüren";;null;6
166919;"49479";"05566028";"Ibbenbüren";;null;6
166922;"49492";"05566092";"Westerkappeln";;null;6
166923;"49497";"05566056";"Mettingen";;null;6
166927;"49504";"05566048";"Lotte";;null;6
166928;"49509";"05566072";"Recke";;null;6
166930;"49525";"05566040";"Lengerich";;null;6
166931;"49536";"05566044";"Lienen";;null;6
166933;"49545";"05566088";"Tecklenburg";;null;6
166936;"49549";"05566032";"Ladbergen";;null;6
166952;"50126";"05362008";"Bergheim";;null;6
166953;"50127";"05362008";"Bergheim";;null;6
166954;"50129";"05362008";"Bergheim";;null;6
166968;"50169";"05362032";"Kerpen";;null;6
166969;"50170";"05362032";"Kerpen";;null;6
166970;"50171";"05362032";"Kerpen";;null;6
166976;"50181";"05362004";"Bedburg";;null;6
166981;"50189";"05362016";"Elsdorf";;null;6
166994;"50226";"05362024";"Frechen";;null;6
167000;"50259";"05362036";"Pulheim";;null;6
167012;"50321";"05362012";"Brühl";;null;6
167026;"50354";"05362028";"Hürth";;null;6
167036;"50374";"05362020";"Erftstadt";;null;6
167044;"50389";"05362040";"Wesseling";;null;6
167234;"50667";"05315000";"Köln";;null;6
167235;"50668";"05315000";"Köln";;null;6
167236;"50670";"05315000";"Köln";;null;6
167237;"50672";"05315000";"Köln";;null;6
167238;"50674";"05315000";"Köln";;null;6
167239;"50676";"05315000";"Köln";;null;6
167240;"50677";"05315000";"Köln";;null;6
167241;"50678";"05315000";"Köln";;null;6
167242;"50679";"05315000";"Köln";;null;6
167265;"50733";"05315000";"Köln";;null;6
167266;"50735";"05315000";"Köln";;null;6
167267;"50737";"05315000";"Köln";;null;6
167268;"50739";"05315000";"Köln";;null;6
167274;"50765";"05315000";"Köln";;null;6
167275;"50767";"05315000";"Köln";;null;6
167276;"50769";"05315000";"Köln";;null;6
167300;"50823";"05315000";"Köln";;null;6
167301;"50825";"05315000";"Köln";;null;6
167302;"50827";"05315000";"Köln";;null;6
167303;"50829";"05315000";"Köln";;null;6
167314;"50858";"05315000";"Köln";;null;6
167315;"50859";"05315000";"Köln";;null;6
167354;"50931";"05315000";"Köln";;null;6
167355;"50933";"05315000";"Köln";;null;6
167356;"50935";"05315000";"Köln";;null;6
167357;"50937";"05315000";"Köln";;null;6
167358;"50939";"05315000";"Köln";;null;6
167375;"50968";"05315000";"Köln";;null;6
167376;"50969";"05315000";"Köln";;null;6
167392;"50996";"05315000";"Köln";;null;6
167393;"50997";"05315000";"Köln";;null;6
167394;"50999";"05315000";"Köln";;null;6
167420;"51061";"05315000";"Köln";;null;6
167421;"51063";"05315000";"Köln";;null;6
167422;"51065";"05315000";"Köln";;null;6
167423;"51067";"05315000";"Köln";;null;6
167424;"51069";"05315000";"Köln";;null;6
167440;"51103";"05315000";"Köln";;null;6
167441;"51105";"05315000";"Köln";;null;6
167442;"51107";"05315000";"Köln";;null;6
167443;"51109";"05315000";"Köln";;null;6
167462;"51143";"05315000";"Köln";;null;6
167463;"51145";"05315000";"Köln";;null;6
167464;"51147";"05315000";"Köln";;null;6
167465;"51149";"05315000";"Köln";;null;6
167542;"51371";"05316000";"Leverkusen";;null;6
167543;"51373";"05316000";"Leverkusen";;null;6
167544;"51375";"05316000";"Leverkusen";;null;6
167546;"51377";"05316000";"Leverkusen";;null;6
167547;"51379";"05316000";"Leverkusen";;null;6
167548;"51381";"05316000";"Leverkusen";;null;6
167555;"51399";"05378008";"Burscheid";;null;6
167571;"51427";"05378004";"Bergisch Gladbach";;null;6
167572;"51429";"05378004";"Bergisch Gladbach";;null;6
167596;"51465";"05378004";"Bergisch Gladbach";;null;6
167597;"51467";"05378004";"Bergisch Gladbach";;null;6
167598;"51467";"05315000";"Köln";;null;6
167599;"51469";"05378004";"Bergisch Gladbach";;null;6
167605;"51491";"05378024";"Overath";;null;6
167614;"51503";"05378028";"Rösrath";;null;6
167621;"51515";"05378012";"Kürten";;null;6
167624;"51519";"05378020";"Odenthal";;null;6
167633;"51545";"05374044";"Waldbröl";;null;6
167637;"51570";"05382076";"Windeck";;null;6
167641;"51580";"05374040";"Reichshof";;null;6
167645;"51588";"05374032";"Nümbrecht";;null;6
167650;"51597";"05374028";"Morsbach";;null;6
167669;"51643";"05374012";"Gummersbach";;null;6
167670;"51645";"05374012";"Gummersbach";;null;6
167671;"51647";"05374012";"Gummersbach";;null;6
167680;"51674";"05374048";"Wiehl";;null;6
167686;"51688";"05374052";"Wipperfürth";;null;6
167694;"51702";"05374004";"Bergneustadt";;null;6
167695;"51709";"05374024";"Marienheide";;null;6
167702;"51766";"05374008";"Engelskirchen";;null;6
167708;"51789";"05374020";"Lindlar";;null;6
167758;"52062";"05334002";"Aachen";;null;6
167759;"52064";"05334002";"Aachen";;null;6
167760;"52066";"05334002";"Aachen";;null;6
167761;"52068";"05334002";"Aachen";;null;6
167762;"52070";"05334002";"Aachen";;null;6
167763;"52072";"05334002";"Aachen";;null;6
167764;"52074";"05334002";"Aachen";;null;6
167765;"52076";"05334002";"Aachen";;null;6
167766;"52078";"05334002";"Aachen";;null;6
167767;"52080";"05334002";"Aachen";;null;6
167797;"52134";"05334016";"Herzogenrath";;null;6
167803;"52146";"05334036";"Würselen";;null;6
167806;"52152";"05334028";"Simmerath";;null;6
167807;"52156";"05334020";"Monschau";;null;6
167809;"52159";"05334024";"Roetgen";;null;6
167818;"52222";"05334032";"Stolberg (Rhld.)";;null;6
167819;"52223";"05334032";"Stolberg (Rhld.)";;null;6
167820;"52224";"05334032";"Stolberg (Rhld.)";;null;6
167830;"52249";"05334012";"Eschweiler";;null;6
167860;"52349";"05358008";"Düren";;null;6
167861;"52351";"05358008";"Düren";;null;6
167862;"52353";"05358008";"Düren";;null;6
167863;"52355";"05358008";"Düren";;null;6
167867;"52372";"05358028";"Kreuzau";;null;6
167871;"52379";"05358032";"Langerwehe";;null;6
167872;"52382";"05358048";"Niederzier";;null;6
167873;"52385";"05358044";"Nideggen";;null;6
167875;"52388";"05358052";"Nörvenich";;null;6
167876;"52391";"05358060";"Vettweiß";;null;6
167877;"52393";"05358016";"Hürtgenwald";;null;6
167878;"52396";"05358012";"Heimbach";;null;6
167880;"52399";"05358040";"Merzenich";;null;6
167896;"52428";"05358024";"Jülich";;null;6
167899;"52441";"05358036";"Linnich";;null;6
167900;"52445";"05358056";"Titz";;null;6
167905;"52457";"05358004";"Aldenhoven";;null;6
167907;"52459";"05358020";"Inden";;null;6
167915;"52477";"05334004";"Alsdorf";;null;6
167920;"52499";"05334008";"Baesweiler";;null;6
167926;"52511";"05370012";"Geilenkirchen";;null;6
167934;"52525";"05370016";"Heinsberg";;null;6
167935;"52525";"05370032";"Waldfeucht";;null;6
167938;"52531";"05370028";"Übach-Palenberg";;null;6
167943;"52538";"05370008";"Gangelt";;null;6
167944;"52538";"05370024";"Selfkant";;null;6
168017;"53111";"05314000";"Bonn";;null;6
168018;"53113";"05314000";"Bonn";;null;6
168019;"53115";"05314000";"Bonn";;null;6
168020;"53117";"05314000";"Bonn";;null;6
168021;"53119";"05314000";"Bonn";;null;6
168022;"53121";"05314000";"Bonn";;null;6
168023;"53123";"05314000";"Bonn";;null;6
168024;"53125";"05314000";"Bonn";;null;6
168025;"53127";"05314000";"Bonn";;null;6
168026;"53129";"05314000";"Bonn";;null;6
168053;"53173";"05314000";"Bonn";;null;6
168054;"53175";"05314000";"Bonn";;null;6
168055;"53177";"05314000";"Bonn";;null;6
168056;"53179";"05314000";"Bonn";;null;6
168082;"53225";"05314000";"Bonn";;null;6
168083;"53227";"05314000";"Bonn";;null;6
168084;"53229";"05314000";"Bonn";;null;6
168131;"53332";"05382012";"Bornheim";;null;6
168136;"53340";"05382032";"Meckenheim";;null;6
168137;"53343";"05382072";"Wachtberg";;null;6
168139;"53347";"05382004";"Alfter";;null;6
168145;"53359";"05382048";"Rheinbach";;null;6
168158;"53604";"05382008";"Bad Honnef";;null;6
168167;"53639";"05382024";"Königswinter";;null;6
168183;"53721";"05382060";"Siegburg";;null;6
168197;"53757";"05382056";"Sankt Augustin";;null;6
168205;"53773";"05382020";"Hennef (Sieg)";;null;6
168210;"53783";"05382016";"Eitorf";;null;6
168215;"53797";"05382028";"Lohmar";;null;6
168219;"53804";"05382036";"Much";;null;6
168222;"53809";"05382052";"Ruppichteroth";;null;6
168227;"53819";"05382040";"Neunkirchen-Seelscheid";;null;6
168241;"53840";"05382068";"Troisdorf";;null;6
168242;"53842";"05382068";"Troisdorf";;null;6
168243;"53844";"05382068";"Troisdorf";;null;6
168246;"53859";"05382044";"Niederkassel";;null;6
168258;"53879";"05366016";"Euskirchen";;null;6
168259;"53881";"05366016";"Euskirchen";;null;6
168266;"53894";"05366028";"Mechernich";;null;6
168270;"53902";"05366004";"Bad Münstereifel";;null;6
168274;"53909";"05366044";"Zülpich";;null;6
168277;"53913";"05382064";"Swisttal";;null;6
168281;"53919";"05366040";"Weilerswist";;null;6
168282;"53925";"05366024";"Kall";;null;6
168285;"53937";"05366036";"Schleiden";;null;6
168287;"53940";"05366020";"Hellenthal";;null;6
168290;"53945";"05366008";"Blankenheim";;null;6
168292;"53947";"05366032";"Nettersheim";;null;6
168293;"53949";"05366012";"Dahlem";;null;6
168332;"57072";"05970040";"Siegen";;null;6
168333;"57074";"05970040";"Siegen";;null;6
168334;"57076";"05970040";"Siegen";;null;6
168335;"57078";"05970040";"Siegen";;null;6
168336;"57080";"05970040";"Siegen";;null;6
168351;"57223";"05970024";"Kreuztal";;null;6
168356;"57234";"05970044";"Wilnsdorf";;null;6
168364;"57250";"05970032";"Netphen";;null;6
168368;"57258";"05970016";"Freudenberg";;null;6
168369;"57271";"05970020";"Hilchenbach";;null;6
168379;"57290";"05970036";"Neunkirchen";;null;6
168383;"57299";"05970008";"Burbach";;null;6
168391;"57319";"05970004";"Bad Berleburg";;null;6
168396;"57334";"05970028";"Bad Laasphe";;null;6
168397;"57339";"05970012";"Erndtebrück";;null;6
168405;"57368";"05966020";"Lennestadt";;null;6
168412;"57392";"05958040";"Schmallenberg";;null;6
168416;"57399";"05966016";"Kirchhundem";;null;6
168420;"57413";"05966012";"Finnentrop";;null;6
168426;"57439";"05966004";"Attendorn";;null;6
168437;"57462";"05966024";"Olpe";;null;6
168441;"57482";"05966028";"Wenden";;null;6
168445;"57489";"05966008";"Drolshagen";;null;6
168507;"58089";"05914000";"Hagen";;null;6
168508;"58091";"05914000";"Hagen";;null;6
168509;"58093";"05914000";"Hagen";;null;6
168510;"58095";"05914000";"Hagen";;null;6
168511;"58097";"05914000";"Hagen";;null;6
168512;"58099";"05914000";"Hagen";;null;6
168521;"58119";"05914000";"Hagen";;null;6
168529;"58135";"05914000";"Hagen";;null;6
168552;"58239";"05978028";"Schwerte";;null;6
168562;"58256";"05954008";"Ennepetal";;null;6
168578;"58285";"05954012";"Gevelsberg";;null;6
168587;"58300";"05954032";"Wetter (Ruhr)";;null;6
168595;"58313";"05954020";"Herdecke";;null;6
168606;"58332";"05954024";"Schwelm";;null;6
168611;"58339";"05954004";"Breckerfeld";;null;6
168637;"58452";"05954036";"Witten";;null;6
168638;"58453";"05954036";"Witten";;null;6
168639;"58454";"05954036";"Witten";;null;6
168640;"58455";"05954036";"Witten";;null;6
168641;"58456";"05954036";"Witten";;null;6
168667;"58507";"05962032";"Lüdenscheid";;null;6
168668;"58509";"05962032";"Lüdenscheid";;null;6
168669;"58511";"05962032";"Lüdenscheid";;null;6
168670;"58513";"05962032";"Lüdenscheid";;null;6
168671;"58515";"05962032";"Lüdenscheid";;null;6
168677;"58540";"05962036";"Meinerzhagen";;null;6
168683;"58553";"05962012";"Halver";;null;6
168689;"58566";"05962028";"Kierspe";;null;6
168695;"58579";"05962056";"Schalksmühle";;null;6
168724;"58636";"05962024";"Iserlohn";;null;6
168725;"58638";"05962024";"Iserlohn";;null;6
168726;"58640";"05962024";"Iserlohn";;null;6
168727;"58642";"05962024";"Iserlohn";;null;6
168728;"58644";"05962024";"Iserlohn";;null;6
168740;"58675";"05962016";"Hemer";;null;6
168756;"58706";"05962040";"Menden (Sauerland)";;null;6
168757;"58708";"05962040";"Menden (Sauerland)";;null;6
168758;"58710";"05962040";"Menden (Sauerland)";;null;6
168764;"58730";"05978012";"Fröndenberg/Ruhr";;null;6
168770;"58739";"05974056";"Wickede (Ruhr)";;null;6
168780;"58762";"05962004";"Altena";;null;6
168782;"58769";"05962044";"Nachrodt-Wiblingwerde";;null;6
168791;"58791";"05962060";"Werdohl";;null;6
168797;"58802";"05962008";"Balve";;null;6
168802;"58809";"05962048";"Neuenrade";;null;6
168817;"58840";"05962052";"Plettenberg";;null;6
168821;"58849";"05962020";"Herscheid";;null;6
168862;"59063";"05915000";"Hamm";;null;6
168863;"59065";"05915000";"Hamm";;null;6
168864;"59067";"05915000";"Hamm";;null;6
168865;"59069";"05915000";"Hamm";;null;6
168866;"59071";"05915000";"Hamm";;null;6
168867;"59073";"05915000";"Hamm";;null;6
168868;"59075";"05915000";"Hamm";;null;6
168869;"59077";"05915000";"Hamm";;null;6
168884;"59174";"05978020";"Kamen";;null;6
168892;"59192";"05978004";"Bergkamen";;null;6
168896;"59199";"05978008";"Bönen";;null;6
168913;"59227";"05570004";"Ahlen";;null;6
168914;"59229";"05570004";"Ahlen";;null;6
168930;"59269";"05570008";"Beckum";;null;6
168940;"59302";"05570028";"Oelde";;null;6
168946;"59320";"05570020";"Ennigerloh";;null;6
168949;"59329";"05570048";"Wadersloh";;null;6
168956;"59348";"05558024";"Lüdinghausen";;null;6
168965;"59368";"05978040";"Werne";;null;6
168967;"59379";"05978032";"Selm";;null;6
168971;"59387";"05558004";"Ascheberg";;null;6
168972;"59394";"05558028";"Nordkirchen";;null;6
168975;"59399";"05558036";"Olfen";;null;6
168989;"59423";"05978036";"Unna";;null;6
168990;"59425";"05978036";"Unna";;null;6
168991;"59427";"05978036";"Unna";;null;6
168996;"59439";"05978016";"Holzwickede";;null;6
168998;"59457";"05974052";"Werl";;null;6
169002;"59469";"05974012";"Ense";;null;6
169007;"59494";"05974040";"Soest";;null;6
169009;"59505";"05974008";"Bad Sassendorf";;null;6
169011;"59510";"05974024";"Lippetal";;null;6
169012;"59514";"05974048";"Welver";;null;6
169016;"59519";"05974032";"Möhnesee";;null;6
169039;"59555";"05974028";"Lippstadt";;null;6
169040;"59556";"05974028";"Lippstadt";;null;6
169041;"59557";"05974028";"Lippstadt";;null;6
169042;"59558";"05974028";"Lippstadt";;null;6
169048;"59581";"05974044";"Warstein";;null;6
169053;"59590";"05974020";"Geseke";;null;6
169057;"59597";"05974016";"Erwitte";;null;6
169061;"59602";"05974036";"Rüthen";;null;6
169065;"59609";"05974004";"Anröchte";;null;6
169089;"59755";"05958004";"Arnsberg";;null;6
169090;"59757";"05958004";"Arnsberg";;null;6
169091;"59759";"05958004";"Arnsberg";;null;6
169100;"59821";"05958004";"Arnsberg";;null;6
169101;"59823";"05958004";"Arnsberg";;null;6
169109;"59846";"05958044";"Sundern (Sauerland)";;null;6
169113;"59872";"05958032";"Meschede";;null;6
169116;"59889";"05958016";"Eslohe (Sauerland)";;null;6
169120;"59909";"05958008";"Bestwig";;null;6
169128;"59929";"05958012";"Brilon";;null;6
169133;"59939";"05958036";"Olsberg";;null;6
169138;"59955";"05958048";"Winterberg";;null;6
169142;"59964";"05958028";"Medebach";;null;6
169145;"59969";"05958020";"Hallenberg";;null;6
