ID;PLZ;RegSchl;Ort;Stand;Sortierung;Art
123343;"32049";"05758012";"Herford";"09.04.2020";null;6
123344;"32051";"05758012";"Herford";"09.04.2020";null;6
123345;"32052";"05758012";"Herford";"09.04.2020";null;6
123379;"32105";"05766008";"Bad Salzuflen";"09.04.2020";null;6
123380;"32107";"05766008";"Bad Salzuflen";"09.04.2020";null;6
123381;"32108";"05766008";"Bad Salzuflen";"09.04.2020";null;6
123387;"32120";"05758016";"Hiddenhausen";"09.04.2020";null;6
123392;"32130";"05758008";"Enger";"09.04.2020";null;6
123397;"32139";"05758032";"Spenge";"09.04.2020";null;6
123421;"32257";"05758004";"Bünde";"09.04.2020";null;6
123427;"32278";"05758020";"Kirchlengern";"09.04.2020";null;6
123433;"32289";"05758028";"Rödinghausen";"09.04.2020";null;6
123442;"32312";"05770020";"Lübbecke";"09.04.2020";null;6
123450;"32339";"05770008";"Espelkamp";"09.04.2020";null;6
123454;"32351";"05770044";"Stemwede";"09.04.2020";null;6
123457;"32361";"05770036";"Preußisch Oldendorf";"09.04.2020";null;6
123461;"32369";"05770040";"Rahden";"09.04.2020";null;6
123495;"32423";"05770024";"Minden";"09.04.2020";null;6
123496;"32425";"05770024";"Minden";"09.04.2020";null;6
123497;"32427";"05770024";"Minden";"09.04.2020";null;6
123498;"32429";"05770024";"Minden";"09.04.2020";null;6
123508;"32457";"05770032";"Porta Westfalica";"09.04.2020";null;6
123513;"32469";"05770028";"Petershagen";"09.04.2020";null;6
123517;"32479";"05770012";"Hille";"09.04.2020";null;6
123540;"32545";"05770004";"Bad Oeynhausen";"09.04.2020";null;6
123541;"32547";"05770004";"Bad Oeynhausen";"09.04.2020";null;6
123542;"32549";"05770004";"Bad Oeynhausen";"09.04.2020";null;6
123556;"32584";"05758024";"Löhne";"09.04.2020";null;6
123564;"32602";"05758036";"Vlotho";"09.04.2020";null;6
123568;"32609";"05770016";"Hüllhorst";"09.04.2020";null;6
123582;"32657";"05766044";"Lemgo";"09.04.2020";null;6
123583;"32676";"05766052";"Lügde";"09.04.2020";null;6
123587;"32683";"05766012";"Barntrup";"09.04.2020";null;6
123590;"32689";"05766036";"Kalletal";"09.04.2020";null;6
123593;"32694";"05766024";"Dörentrup";"09.04.2020";null;6
123596;"32699";"05766028";"Extertal";"09.04.2020";null;6
123633;"32756";"05766020";"Detmold";"09.04.2020";null;6
123634;"32758";"05766020";"Detmold";"09.04.2020";null;6
123635;"32760";"05766020";"Detmold";"09.04.2020";null;6
123636;"32791";"05766040";"Lage";"09.04.2020";null;6
123640;"32805";"05766032";"Horn-Bad Meinberg";"09.04.2020";null;6
123644;"32816";"05766060";"Schieder-Schwalenberg";"09.04.2020";null;6
123650;"32825";"05766016";"Blomberg";"09.04.2020";null;6
123654;"32832";"05766004";"Augustdorf";"09.04.2020";null;6
123658;"32839";"05762032";"Steinheim";"09.04.2020";null;6
123665;"33014";"05762004";"Bad Driburg";"09.04.2020";null;6
123671;"33034";"05762016";"Brakel";"09.04.2020";null;6
123674;"33039";"05762028";"Nieheim";"09.04.2020";null;6
123710;"33098";"05774032";"Paderborn";"09.04.2020";null;6
123711;"33100";"05774032";"Paderborn";"09.04.2020";null;6
123712;"33102";"05774032";"Paderborn";"09.04.2020";null;6
123713;"33104";"05774032";"Paderborn";"09.04.2020";null;6
123714;"33106";"05774032";"Paderborn";"09.04.2020";null;6
123720;"33129";"05774020";"Delbrück";"09.04.2020";null;6
123725;"33142";"05774016";"Büren";"09.04.2020";null;6
123730;"33154";"05774032";"Paderborn";"09.04.2020";null;6
123731;"33154";"05774036";"Salzkotten";"09.04.2020";null;6
123735;"33161";"05774024";"Hövelhof";"09.04.2020";null;6
123736;"33161";"05774032";"Paderborn";"09.04.2020";null;6
123738;"33165";"05774028";"Lichtenau";"09.04.2020";null;6
123744;"33175";"05774008";"Bad Lippspringe";"09.04.2020";null;6
123746;"33178";"05774012";"Borchen";"09.04.2020";null;6
123748;"33181";"05774040";"Bad Wünnenberg";"09.04.2020";null;6
123750;"33184";"05774004";"Altenbeken";"09.04.2020";null;6
123753;"33189";"05766064";"Schlangen";"09.04.2020";null;6
123813;"33330";"05754008";"Gütersloh";"09.04.2020";null;6
123814;"33332";"05754008";"Gütersloh";"09.04.2020";null;6
123815;"33333";"05754008";"Gütersloh";"09.04.2020";null;6
123816;"33334";"05754008";"Gütersloh";"09.04.2020";null;6
123817;"33335";"05754008";"Gütersloh";"09.04.2020";null;6
123849;"33378";"05754028";"Rheda-Wiedenbrück";"09.04.2020";null;6
123860;"33397";"05754032";"Rietberg";"09.04.2020";null;6
123878;"33415";"05754044";"Verl";"09.04.2020";null;6
123888;"33428";"05754016";"Harsewinkel";"09.04.2020";null;6
123889;"33428";"05754016";"Harsewinkel";"09.04.2020";null;6
123899;"33442";"05754020";"Herzebrock-Clarholz";"09.04.2020";null;6
123902;"33449";"05754024";"Langenberg";"09.04.2020";null;6
123970;"33602";"05711000";"Bielefeld";"09.04.2020";null;6
123971;"33604";"05711000";"Bielefeld";"09.04.2020";null;6
123972;"33605";"05711000";"Bielefeld";"09.04.2020";null;6
123973;"33607";"05711000";"Bielefeld";"09.04.2020";null;6
123974;"33609";"05711000";"Bielefeld";"09.04.2020";null;6
123975;"33611";"05711000";"Bielefeld";"09.04.2020";null;6
123976;"33613";"05711000";"Bielefeld";"09.04.2020";null;6
123977;"33615";"05711000";"Bielefeld";"09.04.2020";null;6
123978;"33617";"05711000";"Bielefeld";"09.04.2020";null;6
123979;"33619";"05711000";"Bielefeld";"09.04.2020";null;6
123994;"33647";"05711000";"Bielefeld";"09.04.2020";null;6
123995;"33649";"05711000";"Bielefeld";"09.04.2020";null;6
123999;"33659";"05711000";"Bielefeld";"09.04.2020";null;6
124011;"33689";"05711000";"Bielefeld";"09.04.2020";null;6
124019;"33699";"05711000";"Bielefeld";"09.04.2020";null;6
124024;"33719";"05711000";"Bielefeld";"09.04.2020";null;6
124028;"33729";"05711000";"Bielefeld";"09.04.2020";null;6
124032;"33739";"05711000";"Bielefeld";"09.04.2020";null;6
124038;"33758";"05754036";"Schloß Holte-Stukenbrock";"09.04.2020";null;6
124050;"33775";"05754048";"Versmold";"09.04.2020";null;6
124062;"33790";"05754012";"Halle (Westf.)";"09.04.2020";null;6
124069;"33803";"05754040";"Steinhagen";"09.04.2020";null;6
124074;"33813";"05766056";"Oerlinghausen";"09.04.2020";null;6
124078;"33818";"05766048";"Leopoldshöhe";"09.04.2020";null;6
124081;"33824";"05754052";"Werther (Westf.)";"09.04.2020";null;6
124084;"33829";"05754004";"Borgholzhausen";"09.04.2020";null;6
124091;"34414";"05762036";"Warburg";"09.04.2020";null;6
124098;"34431";"05958024";"Marsberg";"09.04.2020";null;6
124100;"34434";"05762012";"Borgentreich";"09.04.2020";null;6
124103;"34439";"05762040";"Willebadessen";"09.04.2020";null;6
124112;"37671";"05762020";"Höxter";"09.04.2020";null;6
124117;"37688";"05762008";"Beverungen";"09.04.2020";null;6
124119;"37696";"05762024";"Marienmünster";"09.04.2020";null;6
124257;"40210";"05111000";"Düsseldorf";"09.04.2020";null;6
124258;"40211";"05111000";"Düsseldorf";"09.04.2020";null;6
124259;"40212";"05111000";"Düsseldorf";"09.04.2020";null;6
124260;"40213";"05111000";"Düsseldorf";"09.04.2020";null;6
124261;"40215";"05111000";"Düsseldorf";"09.04.2020";null;6
124262;"40217";"05111000";"Düsseldorf";"09.04.2020";null;6
124263;"40219";"05111000";"Düsseldorf";"09.04.2020";null;6
124264;"40221";"05111000";"Düsseldorf";"09.04.2020";null;6
124265;"40223";"05111000";"Düsseldorf";"09.04.2020";null;6
124266;"40225";"05111000";"Düsseldorf";"09.04.2020";null;6
124267;"40227";"05111000";"Düsseldorf";"09.04.2020";null;6
124268;"40229";"05111000";"Düsseldorf";"09.04.2020";null;6
124269;"40231";"05111000";"Düsseldorf";"09.04.2020";null;6
124270;"40233";"05111000";"Düsseldorf";"09.04.2020";null;6
124271;"40235";"05111000";"Düsseldorf";"09.04.2020";null;6
124272;"40237";"05111000";"Düsseldorf";"09.04.2020";null;6
124273;"40239";"05111000";"Düsseldorf";"09.04.2020";null;6
124322;"40468";"05111000";"Düsseldorf";"09.04.2020";null;6
124323;"40470";"05111000";"Düsseldorf";"09.04.2020";null;6
124324;"40472";"05111000";"Düsseldorf";"09.04.2020";null;6
124325;"40472";"05158028";"Ratingen";"09.04.2020";null;6
124326;"40474";"05111000";"Düsseldorf";"09.04.2020";null;6
124327;"40476";"05111000";"Düsseldorf";"09.04.2020";null;6
124328;"40477";"05111000";"Düsseldorf";"09.04.2020";null;6
124329;"40479";"05111000";"Düsseldorf";"09.04.2020";null;6
124332;"40489";"05111000";"Düsseldorf";"09.04.2020";null;6
124358;"40545";"05111000";"Düsseldorf";"09.04.2020";null;6
124359;"40547";"05111000";"Düsseldorf";"09.04.2020";null;6
124360;"40549";"05111000";"Düsseldorf";"09.04.2020";null;6
124380;"40589";"05111000";"Düsseldorf";"09.04.2020";null;6
124381;"40591";"05111000";"Düsseldorf";"09.04.2020";null;6
124382;"40593";"05111000";"Düsseldorf";"09.04.2020";null;6
124383;"40595";"05111000";"Düsseldorf";"09.04.2020";null;6
124384;"40597";"05111000";"Düsseldorf";"09.04.2020";null;6
124385;"40599";"05111000";"Düsseldorf";"09.04.2020";null;6
124393;"40625";"05111000";"Düsseldorf";"09.04.2020";null;6
124394;"40627";"05111000";"Düsseldorf";"09.04.2020";null;6
124395;"40629";"05111000";"Düsseldorf";"09.04.2020";null;6
124412;"40667";"05162022";"Meerbusch";"09.04.2020";null;6
124413;"40668";"05162022";"Meerbusch";"09.04.2020";null;6
124414;"40670";"05162022";"Meerbusch";"09.04.2020";null;6
124428;"40699";"05158004";"Erkrath";"09.04.2020";null;6
124441;"40721";"05111000";"Düsseldorf";"09.04.2020";null;6
124442;"40721";"05158016";"Hilden";"09.04.2020";null;6
124443;"40723";"05158016";"Hilden";"09.04.2020";null;6
124444;"40724";"05158016";"Hilden";"09.04.2020";null;6
124456;"40764";"05158020";"Langenfeld (Rheinland)";"09.04.2020";null;6
124470;"40789";"05158026";"Monheim am Rhein";"09.04.2020";null;6
124483;"40822";"05158024";"Mettmann";"09.04.2020";null;6
124512;"40878";"05158028";"Ratingen";"09.04.2020";null;6
124513;"40880";"05158028";"Ratingen";"09.04.2020";null;6
124514;"40882";"05158028";"Ratingen";"09.04.2020";null;6
124515;"40883";"05158028";"Ratingen";"09.04.2020";null;6
124516;"40885";"05158028";"Ratingen";"09.04.2020";null;6
124544;"41061";"05116000";"Mönchengladbach";"09.04.2020";null;6
124545;"41063";"05116000";"Mönchengladbach";"09.04.2020";null;6
124546;"41065";"05116000";"Mönchengladbach";"09.04.2020";null;6
124547;"41066";"05116000";"Mönchengladbach";"09.04.2020";null;6
124548;"41068";"05116000";"Mönchengladbach";"09.04.2020";null;6
124549;"41069";"05116000";"Mönchengladbach";"09.04.2020";null;6
124553;"41169";"05116000";"Mönchengladbach";"09.04.2020";null;6
124556;"41179";"05116000";"Mönchengladbach";"09.04.2020";null;6
124560;"41189";"05116000";"Mönchengladbach";"09.04.2020";null;6
124565;"41199";"05116000";"Mönchengladbach";"09.04.2020";null;6
124584;"41236";"05116000";"Mönchengladbach";"09.04.2020";null;6
124585;"41238";"05116000";"Mönchengladbach";"09.04.2020";null;6
124586;"41239";"05116000";"Mönchengladbach";"09.04.2020";null;6
124605;"41334";"05166016";"Nettetal";"09.04.2020";null;6
124614;"41352";"05162020";"Korschenbroich";"09.04.2020";null;6
124620;"41363";"05162012";"Jüchen";"09.04.2020";null;6
124622;"41366";"05166024";"Schwalmtal";"09.04.2020";null;6
124626;"41372";"05166020";"Niederkrüchten";"09.04.2020";null;6
124630;"41379";"05166004";"Brüggen";"09.04.2020";null;6
124667;"41460";"05162024";"Neuss";"09.04.2020";null;6
124668;"41462";"05162024";"Neuss";"09.04.2020";null;6
124669;"41464";"05162024";"Neuss";"09.04.2020";null;6
124670;"41466";"05162024";"Neuss";"09.04.2020";null;6
124671;"41468";"05162024";"Neuss";"09.04.2020";null;6
124672;"41469";"05162024";"Neuss";"09.04.2020";null;6
124673;"41470";"05162024";"Neuss";"09.04.2020";null;6
124674;"41472";"05162024";"Neuss";"09.04.2020";null;6
124690;"41515";"05162008";"Grevenbroich";"09.04.2020";null;6
124691;"41516";"05162008";"Grevenbroich";"09.04.2020";null;6
124692;"41517";"05162008";"Grevenbroich";"09.04.2020";null;6
124707;"41539";"05162004";"Dormagen";"09.04.2020";null;6
124708;"41540";"05162004";"Dormagen";"09.04.2020";null;6
124709;"41541";"05162004";"Dormagen";"09.04.2020";null;6
124710;"41542";"05162004";"Dormagen";"09.04.2020";null;6
124721;"41564";"05162016";"Kaarst";"09.04.2020";null;6
124724;"41569";"05162028";"Rommerskirchen";"09.04.2020";null;6
124749;"41747";"05166032";"Viersen";"09.04.2020";null;6
124750;"41748";"05166032";"Viersen";"09.04.2020";null;6
124751;"41749";"05166032";"Viersen";"09.04.2020";null;6
124752;"41751";"05166032";"Viersen";"09.04.2020";null;6
124759;"41812";"05370004";"Erkelenz";"09.04.2020";null;6
124767;"41836";"05370020";"Hückelhoven";"09.04.2020";null;6
124772;"41844";"05370040";"Wegberg";"09.04.2020";null;6
124773;"41849";"05370036";"Wassenberg";"09.04.2020";null;6
124827;"42103";"05124000";"Wuppertal";"09.04.2020";null;6
124828;"42105";"05124000";"Wuppertal";"09.04.2020";null;6
124829;"42107";"05124000";"Wuppertal";"09.04.2020";null;6
124830;"42109";"05124000";"Wuppertal";"09.04.2020";null;6
124831;"42111";"05124000";"Wuppertal";"09.04.2020";null;6
124832;"42113";"05124000";"Wuppertal";"09.04.2020";null;6
124833;"42115";"05124000";"Wuppertal";"09.04.2020";null;6
124834;"42117";"05124000";"Wuppertal";"09.04.2020";null;6
124835;"42119";"05124000";"Wuppertal";"09.04.2020";null;6
124877;"42275";"05124000";"Wuppertal";"09.04.2020";null;6
124878;"42277";"05124000";"Wuppertal";"09.04.2020";null;6
124879;"42279";"05124000";"Wuppertal";"09.04.2020";null;6
124880;"42281";"05124000";"Wuppertal";"09.04.2020";null;6
124881;"42283";"05124000";"Wuppertal";"09.04.2020";null;6
124882;"42285";"05124000";"Wuppertal";"09.04.2020";null;6
124883;"42287";"05124000";"Wuppertal";"09.04.2020";null;6
124884;"42289";"05124000";"Wuppertal";"09.04.2020";null;6
124894;"42327";"05124000";"Wuppertal";"09.04.2020";null;6
124895;"42329";"05124000";"Wuppertal";"09.04.2020";null;6
124906;"42349";"05124000";"Wuppertal";"09.04.2020";null;6
124915;"42369";"05124000";"Wuppertal";"09.04.2020";null;6
124921;"42389";"05124000";"Wuppertal";"09.04.2020";null;6
124922;"42399";"05124000";"Wuppertal";"09.04.2020";null;6
124936;"42477";"05374036";"Radevormwald";"09.04.2020";null;6
124942;"42489";"05158036";"Wülfrath";"09.04.2020";null;6
124947;"42499";"05374016";"Hückeswagen";"09.04.2020";null;6
124974;"42549";"05158032";"Velbert";"09.04.2020";null;6
124975;"42551";"05158032";"Velbert";"09.04.2020";null;6
124976;"42553";"05158032";"Velbert";"09.04.2020";null;6
124977;"42555";"05158032";"Velbert";"09.04.2020";null;6
124988;"42579";"05158012";"Heiligenhaus";"09.04.2020";null;6
125016;"42651";"05122000";"Solingen";"09.04.2020";null;6
125017;"42653";"05122000";"Solingen";"09.04.2020";null;6
125018;"42655";"05122000";"Solingen";"09.04.2020";null;6
125019;"42657";"05122000";"Solingen";"09.04.2020";null;6
125020;"42659";"05122000";"Solingen";"09.04.2020";null;6
125033;"42697";"05122000";"Solingen";"09.04.2020";null;6
125034;"42699";"05122000";"Solingen";"09.04.2020";null;6
125043;"42719";"05122000";"Solingen";"09.04.2020";null;6
125056;"42781";"05158008";"Haan";"09.04.2020";null;6
125064;"42799";"05378016";"Leichlingen (Rheinland)";"09.04.2020";null;6
125091;"42853";"05120000";"Remscheid";"09.04.2020";null;6
125092;"42855";"05120000";"Remscheid";"09.04.2020";null;6
125093;"42857";"05120000";"Remscheid";"09.04.2020";null;6
125094;"42859";"05120000";"Remscheid";"09.04.2020";null;6
125109;"42897";"05120000";"Remscheid";"09.04.2020";null;6
125110;"42899";"05120000";"Remscheid";"09.04.2020";null;6
125121;"42929";"05378032";"Wermelskirchen";"09.04.2020";null;6
125211;"44135";"05913000";"Dortmund";"09.04.2020";null;6
125212;"44137";"05913000";"Dortmund";"09.04.2020";null;6
125213;"44139";"05913000";"Dortmund";"09.04.2020";null;6
125214;"44141";"05913000";"Dortmund";"09.04.2020";null;6
125215;"44143";"05913000";"Dortmund";"09.04.2020";null;6
125216;"44145";"05913000";"Dortmund";"09.04.2020";null;6
125217;"44147";"05913000";"Dortmund";"09.04.2020";null;6
125218;"44149";"05913000";"Dortmund";"09.04.2020";null;6
125230;"44225";"05913000";"Dortmund";"09.04.2020";null;6
125231;"44227";"05913000";"Dortmund";"09.04.2020";null;6
125232;"44229";"05913000";"Dortmund";"09.04.2020";null;6
125244;"44263";"05913000";"Dortmund";"09.04.2020";null;6
125245;"44265";"05913000";"Dortmund";"09.04.2020";null;6
125246;"44267";"05913000";"Dortmund";"09.04.2020";null;6
125247;"44269";"05913000";"Dortmund";"09.04.2020";null;6
125256;"44287";"05913000";"Dortmund";"09.04.2020";null;6
125257;"44289";"05913000";"Dortmund";"09.04.2020";null;6
125262;"44309";"05913000";"Dortmund";"09.04.2020";null;6
125267;"44319";"05913000";"Dortmund";"09.04.2020";null;6
125271;"44328";"05913000";"Dortmund";"09.04.2020";null;6
125272;"44329";"05913000";"Dortmund";"09.04.2020";null;6
125276;"44339";"05913000";"Dortmund";"09.04.2020";null;6
125281;"44357";"05913000";"Dortmund";"09.04.2020";null;6
125282;"44359";"05913000";"Dortmund";"09.04.2020";null;6
125285;"44369";"05913000";"Dortmund";"09.04.2020";null;6
125289;"44379";"05913000";"Dortmund";"09.04.2020";null;6
125294;"44388";"05913000";"Dortmund";"09.04.2020";null;6
125320;"44532";"05978024";"Lünen";"09.04.2020";null;6
125321;"44534";"05978024";"Lünen";"09.04.2020";null;6
125322;"44536";"05978024";"Lünen";"09.04.2020";null;6
125339;"44575";"05562004";"Castrop-Rauxel";"09.04.2020";null;6
125340;"44577";"05562004";"Castrop-Rauxel";"09.04.2020";null;6
125341;"44579";"05562004";"Castrop-Rauxel";"09.04.2020";null;6
125342;"44581";"05562004";"Castrop-Rauxel";"09.04.2020";null;6
125353;"44623";"05916000";"Herne";"09.04.2020";null;6
125354;"44625";"05916000";"Herne";"09.04.2020";null;6
125355;"44627";"05916000";"Herne";"09.04.2020";null;6
125356;"44628";"05916000";"Herne";"09.04.2020";null;6
125357;"44629";"05916000";"Herne";"09.04.2020";null;6
125368;"44649";"05916000";"Herne";"09.04.2020";null;6
125369;"44651";"05916000";"Herne";"09.04.2020";null;6
125370;"44652";"05916000";"Herne";"09.04.2020";null;6
125371;"44653";"05916000";"Herne";"09.04.2020";null;6
125427;"44787";"05911000";"Bochum";"09.04.2020";null;6
125428;"44789";"05911000";"Bochum";"09.04.2020";null;6
125429;"44791";"05911000";"Bochum";"09.04.2020";null;6
125430;"44793";"05911000";"Bochum";"09.04.2020";null;6
125431;"44795";"05911000";"Bochum";"09.04.2020";null;6
125432;"44797";"05911000";"Bochum";"09.04.2020";null;6
125433;"44799";"05911000";"Bochum";"09.04.2020";null;6
125434;"44801";"05911000";"Bochum";"09.04.2020";null;6
125435;"44803";"05911000";"Bochum";"09.04.2020";null;6
125436;"44805";"05911000";"Bochum";"09.04.2020";null;6
125437;"44807";"05911000";"Bochum";"09.04.2020";null;6
125438;"44809";"05911000";"Bochum";"09.04.2020";null;6
125451;"44866";"05911000";"Bochum";"09.04.2020";null;6
125452;"44867";"05911000";"Bochum";"09.04.2020";null;6
125453;"44869";"05911000";"Bochum";"09.04.2020";null;6
125459;"44879";"05911000";"Bochum";"09.04.2020";null;6
125465;"44892";"05911000";"Bochum";"09.04.2020";null;6
125466;"44894";"05911000";"Bochum";"09.04.2020";null;6
125569;"45127";"05113000";"Essen";"09.04.2020";null;6
125570;"45128";"05113000";"Essen";"09.04.2020";null;6
125571;"45130";"05113000";"Essen";"09.04.2020";null;6
125572;"45131";"05113000";"Essen";"09.04.2020";null;6
125573;"45133";"05113000";"Essen";"09.04.2020";null;6
125574;"45134";"05113000";"Essen";"09.04.2020";null;6
125575;"45136";"05113000";"Essen";"09.04.2020";null;6
125576;"45138";"05113000";"Essen";"09.04.2020";null;6
125577;"45139";"05113000";"Essen";"09.04.2020";null;6
125578;"45141";"05113000";"Essen";"09.04.2020";null;6
125579;"45143";"05113000";"Essen";"09.04.2020";null;6
125580;"45144";"05113000";"Essen";"09.04.2020";null;6
125581;"45145";"05113000";"Essen";"09.04.2020";null;6
125582;"45147";"05113000";"Essen";"09.04.2020";null;6
125583;"45149";"05113000";"Essen";"09.04.2020";null;6
125593;"45219";"05113000";"Essen";"09.04.2020";null;6
125599;"45239";"05113000";"Essen";"09.04.2020";null;6
125605;"45257";"05113000";"Essen";"09.04.2020";null;6
125606;"45259";"05113000";"Essen";"09.04.2020";null;6
125613;"45276";"05113000";"Essen";"09.04.2020";null;6
125614;"45277";"05113000";"Essen";"09.04.2020";null;6
125615;"45279";"05113000";"Essen";"09.04.2020";null;6
125618;"45289";"05113000";"Essen";"09.04.2020";null;6
125624;"45307";"05113000";"Essen";"09.04.2020";null;6
125625;"45309";"05113000";"Essen";"09.04.2020";null;6
125632;"45326";"05113000";"Essen";"09.04.2020";null;6
125633;"45327";"05113000";"Essen";"09.04.2020";null;6
125634;"45329";"05113000";"Essen";"09.04.2020";null;6
125645;"45355";"05113000";"Essen";"09.04.2020";null;6
125646;"45356";"05113000";"Essen";"09.04.2020";null;6
125647;"45357";"05113000";"Essen";"09.04.2020";null;6
125648;"45359";"05113000";"Essen";"09.04.2020";null;6
125690;"45468";"05117000";"Mülheim an der Ruhr";"09.04.2020";null;6
125691;"45470";"05117000";"Mülheim an der Ruhr";"09.04.2020";null;6
125692;"45472";"05117000";"Mülheim an der Ruhr";"09.04.2020";null;6
125693;"45473";"05117000";"Mülheim an der Ruhr";"09.04.2020";null;6
125694;"45475";"05117000";"Mülheim an der Ruhr";"09.04.2020";null;6
125695;"45476";"05117000";"Mülheim an der Ruhr";"09.04.2020";null;6
125696;"45478";"05117000";"Mülheim an der Ruhr";"09.04.2020";null;6
125697;"45479";"05117000";"Mülheim an der Ruhr";"09.04.2020";null;6
125698;"45481";"05117000";"Mülheim an der Ruhr";"09.04.2020";null;6
125708;"45525";"05954016";"Hattingen";"09.04.2020";null;6
125709;"45527";"05954016";"Hattingen";"09.04.2020";null;6
125710;"45529";"05954016";"Hattingen";"09.04.2020";null;6
125717;"45549";"05954028";"Sprockhövel";"09.04.2020";null;6
125748;"45657";"05562032";"Recklinghausen";"09.04.2020";null;6
125749;"45659";"05562032";"Recklinghausen";"09.04.2020";null;6
125750;"45661";"05562032";"Recklinghausen";"09.04.2020";null;6
125751;"45663";"05562032";"Recklinghausen";"09.04.2020";null;6
125752;"45665";"05562032";"Recklinghausen";"09.04.2020";null;6
125769;"45699";"05562020";"Herten";"09.04.2020";null;6
125770;"45701";"05562020";"Herten";"09.04.2020";null;6
125775;"45711";"05562008";"Datteln";"09.04.2020";null;6
125782;"45721";"05562016";"Haltern am See";"09.04.2020";null;6
125788;"45731";"05562036";"Waltrop";"09.04.2020";null;6
125792;"45739";"05562028";"Oer-Erkenschwick";"09.04.2020";null;6
125810;"45768";"05562024";"Marl";"09.04.2020";null;6
125811;"45770";"05562024";"Marl";"09.04.2020";null;6
125812;"45772";"05562024";"Marl";"09.04.2020";null;6
125863;"45879";"05513000";"Gelsenkirchen";"09.04.2020";null;6
125864;"45881";"05513000";"Gelsenkirchen";"09.04.2020";null;6
125865;"45883";"05513000";"Gelsenkirchen";"09.04.2020";null;6
125866;"45884";"05513000";"Gelsenkirchen";"09.04.2020";null;6
125867;"45886";"05513000";"Gelsenkirchen";"09.04.2020";null;6
125868;"45888";"05513000";"Gelsenkirchen";"09.04.2020";null;6
125869;"45889";"05513000";"Gelsenkirchen";"09.04.2020";null;6
125870;"45891";"05513000";"Gelsenkirchen";"09.04.2020";null;6
125871;"45892";"05513000";"Gelsenkirchen";"09.04.2020";null;6
125872;"45894";"05513000";"Gelsenkirchen";"09.04.2020";null;6
125873;"45896";"05513000";"Gelsenkirchen";"09.04.2020";null;6
125874;"45897";"05513000";"Gelsenkirchen";"09.04.2020";null;6
125875;"45899";"05513000";"Gelsenkirchen";"09.04.2020";null;6
125884;"45964";"05562014";"Gladbeck";"09.04.2020";null;6
125885;"45966";"05562014";"Gladbeck";"09.04.2020";null;6
125886;"45968";"05562014";"Gladbeck";"09.04.2020";null;6
125911;"46045";"05119000";"Oberhausen";"09.04.2020";null;6
125912;"46047";"05119000";"Oberhausen";"09.04.2020";null;6
125913;"46049";"05119000";"Oberhausen";"09.04.2020";null;6
125918;"46117";"05119000";"Oberhausen";"09.04.2020";null;6
125919;"46119";"05119000";"Oberhausen";"09.04.2020";null;6
125930;"46145";"05119000";"Oberhausen";"09.04.2020";null;6
125931;"46147";"05119000";"Oberhausen";"09.04.2020";null;6
125932;"46149";"05119000";"Oberhausen";"09.04.2020";null;6
125954;"46236";"05512000";"Bottrop";"09.04.2020";null;6
125955;"46238";"05512000";"Bottrop";"09.04.2020";null;6
125956;"46240";"05512000";"Bottrop";"09.04.2020";null;6
125957;"46242";"05512000";"Bottrop";"09.04.2020";null;6
125958;"46244";"05512000";"Bottrop";"09.04.2020";null;6
125975;"46282";"05562012";"Dorsten";"09.04.2020";null;6
125976;"46284";"05562012";"Dorsten";"09.04.2020";null;6
125977;"46286";"05562012";"Dorsten";"09.04.2020";null;6
125988;"46325";"05554012";"Borken";"09.04.2020";null;6
125992;"46342";"05554064";"Velen";"09.04.2020";null;6
125995;"46348";"05554040";"Raesfeld";"09.04.2020";null;6
125997;"46354";"05554060";"Südlohn";"09.04.2020";null;6
126000;"46359";"05554028";"Heiden";"09.04.2020";null;6
126019;"46395";"05554008";"Bocholt";"09.04.2020";null;6
126020;"46397";"05554008";"Bocholt";"09.04.2020";null;6
126021;"46399";"05554008";"Bocholt";"09.04.2020";null;6
126024;"46414";"05554048";"Rhede";"09.04.2020";null;6
126025;"46419";"05554032";"Isselburg";"09.04.2020";null;6
126040;"46446";"05154008";"Emmerich am Rhein";"09.04.2020";null;6
126044;"46459";"05154044";"Rees";"09.04.2020";null;6
126062;"46483";"05170048";"Wesel";"09.04.2020";null;6
126063;"46485";"05170048";"Wesel";"09.04.2020";null;6
126064;"46487";"05170048";"Wesel";"09.04.2020";null;6
126069;"46499";"05170012";"Hamminkeln";"09.04.2020";null;6
126073;"46509";"05170052";"Xanten";"09.04.2020";null;6
126076;"46514";"05170036";"Schermbeck";"09.04.2020";null;6
126079;"46519";"05170004";"Alpen";"09.04.2020";null;6
126088;"46535";"05170008";"Dinslaken";"09.04.2020";null;6
126089;"46537";"05170008";"Dinslaken";"09.04.2020";null;6
126090;"46539";"05170008";"Dinslaken";"09.04.2020";null;6
126099;"46562";"05170044";"Voerde (Niederrhein)";"09.04.2020";null;6
126103;"46569";"05170016";"Hünxe";"09.04.2020";null;6
126136;"47051";"05112000";"Duisburg";"09.04.2020";null;6
126137;"47053";"05112000";"Duisburg";"09.04.2020";null;6
126138;"47055";"05112000";"Duisburg";"09.04.2020";null;6
126139;"47057";"05112000";"Duisburg";"09.04.2020";null;6
126140;"47058";"05112000";"Duisburg";"09.04.2020";null;6
126141;"47059";"05112000";"Duisburg";"09.04.2020";null;6
126152;"47119";"05112000";"Duisburg";"09.04.2020";null;6
126162;"47137";"05112000";"Duisburg";"09.04.2020";null;6
126163;"47138";"05112000";"Duisburg";"09.04.2020";null;6
126164;"47139";"05112000";"Duisburg";"09.04.2020";null;6
126176;"47166";"05112000";"Duisburg";"09.04.2020";null;6
126177;"47167";"05112000";"Duisburg";"09.04.2020";null;6
126178;"47169";"05112000";"Duisburg";"09.04.2020";null;6
126182;"47178";"05112000";"Duisburg";"09.04.2020";null;6
126183;"47179";"05112000";"Duisburg";"09.04.2020";null;6
126191;"47198";"05112000";"Duisburg";"09.04.2020";null;6
126192;"47199";"05112000";"Duisburg";"09.04.2020";null;6
126200;"47226";"05112000";"Duisburg";"09.04.2020";null;6
126201;"47228";"05112000";"Duisburg";"09.04.2020";null;6
126202;"47229";"05112000";"Duisburg";"09.04.2020";null;6
126206;"47239";"05112000";"Duisburg";"09.04.2020";null;6
126208;"47249";"05112000";"Duisburg";"09.04.2020";null;6
126212;"47259";"05112000";"Duisburg";"09.04.2020";null;6
126215;"47269";"05112000";"Duisburg";"09.04.2020";null;6
126216;"47279";"05112000";"Duisburg";"09.04.2020";null;6
126245;"47441";"05170024";"Moers";"09.04.2020";null;6
126246;"47443";"05170024";"Moers";"09.04.2020";null;6
126247;"47445";"05170024";"Moers";"09.04.2020";null;6
126248;"47447";"05170024";"Moers";"09.04.2020";null;6
126258;"47475";"05170020";"Kamp-Lintfort";"09.04.2020";null;6
126266;"47495";"05170032";"Rheinberg";"09.04.2020";null;6
126274;"47506";"05170028";"Neukirchen-Vluyn";"09.04.2020";null;6
126276;"47509";"05154048";"Rheurdt";"09.04.2020";null;6
126288;"47533";"05154036";"Kleve";"09.04.2020";null;6
126293;"47546";"05154024";"Kalkar";"09.04.2020";null;6
126296;"47551";"05154004";"Bedburg-Hau";"09.04.2020";null;6
126297;"47559";"05154040";"Kranenburg";"09.04.2020";null;6
126304;"47574";"05154016";"Goch";"09.04.2020";null;6
126306;"47589";"05154056";"Uedem";"09.04.2020";null;6
126317;"47608";"05154012";"Geldern";"09.04.2020";null;6
126321;"47623";"05154032";"Kevelaer";"09.04.2020";null;6
126322;"47624";"05154032";"Kevelaer";"09.04.2020";null;6
126323;"47625";"05154032";"Kevelaer";"09.04.2020";null;6
126324;"47626";"05154032";"Kevelaer";"09.04.2020";null;6
126325;"47627";"05154032";"Kevelaer";"09.04.2020";null;6
126331;"47638";"05154052";"Straelen";"09.04.2020";null;6
126336;"47647";"05154028";"Kerken";"09.04.2020";null;6
126339;"47652";"05154064";"Weeze";"09.04.2020";null;6
126342;"47661";"05154020";"Issum";"09.04.2020";null;6
126345;"47665";"05170040";"Sonsbeck";"09.04.2020";null;6
126348;"47669";"05154060";"Wachtendonk";"09.04.2020";null;6
126401;"47798";"05114000";"Krefeld";"09.04.2020";null;6
126402;"47799";"05114000";"Krefeld";"09.04.2020";null;6
126403;"47800";"05114000";"Krefeld";"09.04.2020";null;6
126404;"47802";"05114000";"Krefeld";"09.04.2020";null;6
126405;"47803";"05114000";"Krefeld";"09.04.2020";null;6
126406;"47804";"05114000";"Krefeld";"09.04.2020";null;6
126407;"47805";"05114000";"Krefeld";"09.04.2020";null;6
126408;"47807";"05114000";"Krefeld";"09.04.2020";null;6
126409;"47809";"05114000";"Krefeld";"09.04.2020";null;6
126416;"47829";"05114000";"Krefeld";"09.04.2020";null;6
126420;"47839";"05114000";"Krefeld";"09.04.2020";null;6
126433;"47877";"05166036";"Willich";"09.04.2020";null;6
126453;"47906";"05166012";"Kempen";"09.04.2020";null;6
126459;"47918";"05166028";"Tönisvorst";"09.04.2020";null;6
126464;"47929";"05166008";"Grefrath";"09.04.2020";null;6
126576;"48143";"05515000";"Münster";"09.04.2020";null;6
126577;"48145";"05515000";"Münster";"09.04.2020";null;6
126578;"48147";"05515000";"Münster";"09.04.2020";null;6
126579;"48149";"05515000";"Münster";"09.04.2020";null;6
126580;"48151";"05515000";"Münster";"09.04.2020";null;6
126581;"48153";"05515000";"Münster";"09.04.2020";null;6
126582;"48155";"05515000";"Münster";"09.04.2020";null;6
126583;"48157";"05515000";"Münster";"09.04.2020";null;6
126584;"48159";"05515000";"Münster";"09.04.2020";null;6
126585;"48161";"05515000";"Münster";"09.04.2020";null;6
126586;"48163";"05515000";"Münster";"09.04.2020";null;6
126587;"48165";"05515000";"Münster";"09.04.2020";null;6
126588;"48167";"05515000";"Münster";"09.04.2020";null;6
126607;"48231";"05570052";"Warendorf";"09.04.2020";null;6
126616;"48249";"05558016";"Dülmen";"09.04.2020";null;6
126629;"48268";"05566012";"Greven";"09.04.2020";null;6
126636;"48282";"05566008";"Emsdetten";"09.04.2020";null;6
126639;"48291";"05570044";"Telgte";"09.04.2020";null;6
126645;"48301";"05558032";"Nottuln";"09.04.2020";null;6
126648;"48308";"05558044";"Senden";"09.04.2020";null;6
126651;"48317";"05570016";"Drensteinfurt";"09.04.2020";null;6
126654;"48324";"05570040";"Sendenhorst";"09.04.2020";null;6
126657;"48329";"05558020";"Havixbeck";"09.04.2020";null;6
126661;"48336";"05570036";"Sassenberg";"09.04.2020";null;6
126665;"48341";"05566004";"Altenberge";"09.04.2020";null;6
126668;"48346";"05570032";"Ostbevern";"09.04.2020";null;6
126672;"48351";"05570024";"Everswinkel";"09.04.2020";null;6
126675;"48356";"05566064";"Nordwalde";"09.04.2020";null;6
126678;"48361";"05570012";"Beelen";"09.04.2020";null;6
126681;"48366";"05566036";"Laer";"09.04.2020";null;6
126683;"48369";"05566080";"Saerbeck";"09.04.2020";null;6
126701;"48429";"05566076";"Rheine";"09.04.2020";null;6
126702;"48431";"05566076";"Rheine";"09.04.2020";null;6
126703;"48432";"05566076";"Rheine";"09.04.2020";null;6
126708;"48477";"05566016";"Hörstel";"09.04.2020";null;6
126712;"48485";"05566060";"Neuenkirchen";"09.04.2020";null;6
126716;"48493";"05566096";"Wettringen";"09.04.2020";null;6
126718;"48496";"05566020";"Hopsten";"09.04.2020";null;6
126731;"48565";"05566084";"Steinfurt";"09.04.2020";null;6
126746;"48599";"05554020";"Gronau (Westf.)";"09.04.2020";null;6
126753;"48607";"05566068";"Ochtrup";"09.04.2020";null;6
126756;"48612";"05566024";"Horstmar";"09.04.2020";null;6
126759;"48619";"05554024";"Heek";"09.04.2020";null;6
126762;"48624";"05554052";"Schöppingen";"09.04.2020";null;6
126765;"48629";"05566052";"Metelen";"09.04.2020";null;6
126780;"48653";"05558012";"Coesfeld";"09.04.2020";null;6
126794;"48683";"05554004";"Ahaus";"09.04.2020";null;6
126798;"48691";"05554068";"Vreden";"09.04.2020";null;6
126806;"48703";"05554056";"Stadtlohn";"09.04.2020";null;6
126811;"48712";"05554016";"Gescher";"09.04.2020";null;6
126815;"48720";"05558040";"Rosendahl";"09.04.2020";null;6
126819;"48727";"05558008";"Billerbeck";"09.04.2020";null;6
126823;"48734";"05554044";"Reken";"09.04.2020";null;6
126826;"48739";"05554036";"Legden";"09.04.2020";null;6
126837;"49477";"05566028";"Ibbenbüren";"09.04.2020";null;6
126838;"49479";"05566028";"Ibbenbüren";"09.04.2020";null;6
126841;"49492";"05566092";"Westerkappeln";"09.04.2020";null;6
126844;"49497";"05566056";"Mettingen";"09.04.2020";null;6
126848;"49504";"05566048";"Lotte";"09.04.2020";null;6
126851;"49509";"05566072";"Recke";"09.04.2020";null;6
126860;"49525";"05566040";"Lengerich";"09.04.2020";null;6
126864;"49536";"05566044";"Lienen";"09.04.2020";null;6
126866;"49545";"05566088";"Tecklenburg";"09.04.2020";null;6
126869;"49549";"05566032";"Ladbergen";"09.04.2020";null;6
126885;"50126";"05362008";"Bergheim";"09.04.2020";null;6
126886;"50127";"05362008";"Bergheim";"09.04.2020";null;6
126887;"50129";"05362008";"Bergheim";"09.04.2020";null;6
126903;"50169";"05362032";"Kerpen";"09.04.2020";null;6
126904;"50170";"05362032";"Kerpen";"09.04.2020";null;6
126905;"50171";"05362032";"Kerpen";"09.04.2020";null;6
126911;"50181";"05362004";"Bedburg";"09.04.2020";null;6
126916;"50189";"05362016";"Elsdorf";"09.04.2020";null;6
126929;"50226";"05362024";"Frechen";"09.04.2020";null;6
126935;"50259";"05362036";"Pulheim";"09.04.2020";null;6
126947;"50321";"05362012";"Brühl";"09.04.2020";null;6
126961;"50354";"05362028";"Hürth";"09.04.2020";null;6
126971;"50374";"05362020";"Erftstadt";"09.04.2020";null;6
126979;"50389";"05362040";"Wesseling";"09.04.2020";null;6
127169;"50667";"05315000";"Köln";"09.04.2020";null;6
127170;"50668";"05315000";"Köln";"09.04.2020";null;6
127171;"50670";"05315000";"Köln";"09.04.2020";null;6
127172;"50672";"05315000";"Köln";"09.04.2020";null;6
127173;"50674";"05315000";"Köln";"09.04.2020";null;6
127174;"50676";"05315000";"Köln";"09.04.2020";null;6
127175;"50677";"05315000";"Köln";"09.04.2020";null;6
127176;"50678";"05315000";"Köln";"09.04.2020";null;6
127177;"50679";"05315000";"Köln";"09.04.2020";null;6
127200;"50733";"05315000";"Köln";"09.04.2020";null;6
127201;"50735";"05315000";"Köln";"09.04.2020";null;6
127202;"50737";"05315000";"Köln";"09.04.2020";null;6
127203;"50739";"05315000";"Köln";"09.04.2020";null;6
127218;"50765";"05315000";"Köln";"09.04.2020";null;6
127219;"50767";"05315000";"Köln";"09.04.2020";null;6
127220;"50769";"05315000";"Köln";"09.04.2020";null;6
127244;"50823";"05315000";"Köln";"09.04.2020";null;6
127245;"50825";"05315000";"Köln";"09.04.2020";null;6
127246;"50827";"05315000";"Köln";"09.04.2020";null;6
127247;"50829";"05315000";"Köln";"09.04.2020";null;6
127258;"50858";"05315000";"Köln";"09.04.2020";null;6
127259;"50859";"05315000";"Köln";"09.04.2020";null;6
127297;"50931";"05315000";"Köln";"09.04.2020";null;6
127298;"50933";"05315000";"Köln";"09.04.2020";null;6
127299;"50935";"05315000";"Köln";"09.04.2020";null;6
127300;"50937";"05315000";"Köln";"09.04.2020";null;6
127301;"50939";"05315000";"Köln";"09.04.2020";null;6
127318;"50968";"05315000";"Köln";"09.04.2020";null;6
127319;"50969";"05315000";"Köln";"09.04.2020";null;6
127336;"50996";"05315000";"Köln";"09.04.2020";null;6
127337;"50997";"05315000";"Köln";"09.04.2020";null;6
127338;"50999";"05315000";"Köln";"09.04.2020";null;6
127366;"51061";"05315000";"Köln";"09.04.2020";null;6
127367;"51063";"05315000";"Köln";"09.04.2020";null;6
127368;"51065";"05315000";"Köln";"09.04.2020";null;6
127369;"51067";"05315000";"Köln";"09.04.2020";null;6
127370;"51069";"05315000";"Köln";"09.04.2020";null;6
127387;"51103";"05315000";"Köln";"09.04.2020";null;6
127388;"51105";"05315000";"Köln";"09.04.2020";null;6
127389;"51107";"05315000";"Köln";"09.04.2020";null;6
127390;"51109";"05315000";"Köln";"09.04.2020";null;6
127409;"51143";"05315000";"Köln";"09.04.2020";null;6
127410;"51145";"05315000";"Köln";"09.04.2020";null;6
127411;"51147";"05315000";"Köln";"09.04.2020";null;6
127412;"51149";"05315000";"Köln";"09.04.2020";null;6
127490;"51371";"05316000";"Leverkusen";"09.04.2020";null;6
127491;"51373";"05316000";"Leverkusen";"09.04.2020";null;6
127492;"51375";"05316000";"Leverkusen";"09.04.2020";null;6
127494;"51377";"05316000";"Leverkusen";"09.04.2020";null;6
127495;"51379";"05316000";"Leverkusen";"09.04.2020";null;6
127496;"51381";"05316000";"Leverkusen";"09.04.2020";null;6
127503;"51399";"05378008";"Burscheid";"09.04.2020";null;6
127520;"51427";"05378004";"Bergisch Gladbach";"09.04.2020";null;6
127521;"51429";"05378004";"Bergisch Gladbach";"09.04.2020";null;6
127545;"51465";"05378004";"Bergisch Gladbach";"09.04.2020";null;6
127547;"51467";"05315000";"Köln";"09.04.2020";null;6
127546;"51467";"05378004";"Bergisch Gladbach";"09.04.2020";null;6
127548;"51469";"05378004";"Bergisch Gladbach";"09.04.2020";null;6
127556;"51491";"05378024";"Overath";"09.04.2020";null;6
127565;"51503";"05378028";"Rösrath";"09.04.2020";null;6
127572;"51515";"05378012";"Kürten";"09.04.2020";null;6
127575;"51519";"05378020";"Odenthal";"09.04.2020";null;6
127584;"51545";"05374044";"Waldbröl";"09.04.2020";null;6
127588;"51570";"05382076";"Windeck";"09.04.2020";null;6
127593;"51580";"05374040";"Reichshof";"09.04.2020";null;6
127597;"51588";"05374032";"Nümbrecht";"09.04.2020";null;6
127602;"51597";"05374028";"Morsbach";"09.04.2020";null;6
127623;"51643";"05374012";"Gummersbach";"09.04.2020";null;6
127624;"51645";"05374012";"Gummersbach";"09.04.2020";null;6
127625;"51647";"05374012";"Gummersbach";"09.04.2020";null;6
127634;"51674";"05374048";"Wiehl";"09.04.2020";null;6
127640;"51688";"05374052";"Wipperfürth";"09.04.2020";null;6
127648;"51702";"05374004";"Bergneustadt";"09.04.2020";null;6
127652;"51709";"05374024";"Marienheide";"09.04.2020";null;6
127659;"51766";"05374008";"Engelskirchen";"09.04.2020";null;6
127665;"51789";"05374020";"Lindlar";"09.04.2020";null;6
127715;"52062";"05334002";"Aachen";"09.04.2020";null;6
127716;"52064";"05334002";"Aachen";"09.04.2020";null;6
127717;"52066";"05334002";"Aachen";"09.04.2020";null;6
127718;"52068";"05334002";"Aachen";"09.04.2020";null;6
127719;"52070";"05334002";"Aachen";"09.04.2020";null;6
127720;"52072";"05334002";"Aachen";"09.04.2020";null;6
127721;"52074";"05334002";"Aachen";"09.04.2020";null;6
127722;"52076";"05334002";"Aachen";"09.04.2020";null;6
127723;"52078";"05334002";"Aachen";"09.04.2020";null;6
127724;"52080";"05334002";"Aachen";"09.04.2020";null;6
127756;"52134";"05334016";"Herzogenrath";"09.04.2020";null;6
127762;"52146";"05334036";"Würselen";"09.04.2020";null;6
127765;"52152";"05334028";"Simmerath";"09.04.2020";null;6
127767;"52156";"05334020";"Monschau";"09.04.2020";null;6
127769;"52159";"05334024";"Roetgen";"09.04.2020";null;6
127784;"52222";"05334032";"Stolberg (Rhld.)";"09.04.2020";null;6
127785;"52223";"05334032";"Stolberg (Rhld.)";"09.04.2020";null;6
127786;"52224";"05334032";"Stolberg (Rhld.)";"09.04.2020";null;6
127796;"52249";"05334012";"Eschweiler";"09.04.2020";null;6
127827;"52349";"05358008";"Düren";"09.04.2020";null;6
127828;"52351";"05358008";"Düren";"09.04.2020";null;6
127829;"52353";"05358008";"Düren";"09.04.2020";null;6
127830;"52355";"05358008";"Düren";"09.04.2020";null;6
127834;"52372";"05358028";"Kreuzau";"09.04.2020";null;6
127838;"52379";"05358032";"Langerwehe";"09.04.2020";null;6
127839;"52382";"05358048";"Niederzier";"09.04.2020";null;6
127841;"52385";"05358044";"Nideggen";"09.04.2020";null;6
127843;"52388";"05358052";"Nörvenich";"09.04.2020";null;6
127844;"52391";"05358060";"Vettweiß";"09.04.2020";null;6
127845;"52393";"05358016";"Hürtgenwald";"09.04.2020";null;6
127847;"52396";"05358012";"Heimbach";"09.04.2020";null;6
127849;"52399";"05358040";"Merzenich";"09.04.2020";null;6
127866;"52428";"05358024";"Jülich";"09.04.2020";null;6
127869;"52441";"05358036";"Linnich";"09.04.2020";null;6
127870;"52445";"05358056";"Titz";"09.04.2020";null;6
127875;"52457";"05358004";"Aldenhoven";"09.04.2020";null;6
127877;"52459";"05358020";"Inden";"09.04.2020";null;6
127885;"52477";"05334004";"Alsdorf";"09.04.2020";null;6
127890;"52499";"05334008";"Baesweiler";"09.04.2020";null;6
127896;"52511";"05370012";"Geilenkirchen";"09.04.2020";null;6
127904;"52525";"05370016";"Heinsberg";"09.04.2020";null;6
127905;"52525";"05370032";"Waldfeucht";"09.04.2020";null;6
127908;"52531";"05370028";"Übach-Palenberg";"09.04.2020";null;6
127913;"52538";"05370008";"Gangelt";"09.04.2020";null;6
127914;"52538";"05370024";"Selfkant";"09.04.2020";null;6
127994;"53111";"05314000";"Bonn";"09.04.2020";null;6
127995;"53113";"05314000";"Bonn";"09.04.2020";null;6
127996;"53115";"05314000";"Bonn";"09.04.2020";null;6
127997;"53117";"05314000";"Bonn";"09.04.2020";null;6
127998;"53119";"05314000";"Bonn";"09.04.2020";null;6
127999;"53121";"05314000";"Bonn";"09.04.2020";null;6
128000;"53123";"05314000";"Bonn";"09.04.2020";null;6
128001;"53125";"05314000";"Bonn";"09.04.2020";null;6
128002;"53127";"05314000";"Bonn";"09.04.2020";null;6
128003;"53129";"05314000";"Bonn";"09.04.2020";null;6
128030;"53173";"05314000";"Bonn";"09.04.2020";null;6
128031;"53175";"05314000";"Bonn";"09.04.2020";null;6
128032;"53177";"05314000";"Bonn";"09.04.2020";null;6
128033;"53179";"05314000";"Bonn";"09.04.2020";null;6
128059;"53225";"05314000";"Bonn";"09.04.2020";null;6
128060;"53227";"05314000";"Bonn";"09.04.2020";null;6
128061;"53229";"05314000";"Bonn";"09.04.2020";null;6
128107;"53332";"05382012";"Bornheim";"09.04.2020";null;6
128112;"53340";"05382032";"Meckenheim";"09.04.2020";null;6
128113;"53343";"05382072";"Wachtberg";"09.04.2020";null;6
128115;"53347";"05382004";"Alfter";"09.04.2020";null;6
128121;"53359";"05382048";"Rheinbach";"09.04.2020";null;6
128134;"53604";"05382008";"Bad Honnef";"09.04.2020";null;6
128143;"53639";"05382024";"Königswinter";"09.04.2020";null;6
128159;"53721";"05382060";"Siegburg";"09.04.2020";null;6
128173;"53757";"05382056";"Sankt Augustin";"09.04.2020";null;6
128181;"53773";"05382020";"Hennef (Sieg)";"09.04.2020";null;6
128186;"53783";"05382016";"Eitorf";"09.04.2020";null;6
128191;"53797";"05382028";"Lohmar";"09.04.2020";null;6
128195;"53804";"05382036";"Much";"09.04.2020";null;6
128198;"53809";"05382052";"Ruppichteroth";"09.04.2020";null;6
128203;"53819";"05382040";"Neunkirchen-Seelscheid";"09.04.2020";null;6
128217;"53840";"05382068";"Troisdorf";"09.04.2020";null;6
128218;"53842";"05382068";"Troisdorf";"09.04.2020";null;6
128219;"53844";"05382068";"Troisdorf";"09.04.2020";null;6
128222;"53859";"05382044";"Niederkassel";"09.04.2020";null;6
128235;"53879";"05366016";"Euskirchen";"09.04.2020";null;6
128236;"53881";"05366016";"Euskirchen";"09.04.2020";null;6
128243;"53894";"05366028";"Mechernich";"09.04.2020";null;6
128247;"53902";"05366004";"Bad Münstereifel";"09.04.2020";null;6
128251;"53909";"05366044";"Zülpich";"09.04.2020";null;6
128254;"53913";"05382064";"Swisttal";"09.04.2020";null;6
128258;"53919";"05366040";"Weilerswist";"09.04.2020";null;6
128261;"53925";"05366024";"Kall";"09.04.2020";null;6
128266;"53937";"05366036";"Schleiden";"09.04.2020";null;6
128268;"53940";"05366020";"Hellenthal";"09.04.2020";null;6
128271;"53945";"05366008";"Blankenheim";"09.04.2020";null;6
128273;"53947";"05366032";"Nettersheim";"09.04.2020";null;6
128274;"53949";"05366012";"Dahlem";"09.04.2020";null;6
128313;"57072";"05970040";"Siegen";"09.04.2020";null;6
128314;"57074";"05970040";"Siegen";"09.04.2020";null;6
128315;"57076";"05970040";"Siegen";"09.04.2020";null;6
128316;"57078";"05970040";"Siegen";"09.04.2020";null;6
128317;"57080";"05970040";"Siegen";"09.04.2020";null;6
128332;"57223";"05970024";"Kreuztal";"09.04.2020";null;6
128337;"57234";"05970044";"Wilnsdorf";"09.04.2020";null;6
128345;"57250";"05970032";"Netphen";"09.04.2020";null;6
128349;"57258";"05970016";"Freudenberg";"09.04.2020";null;6
128352;"57271";"05970020";"Hilchenbach";"09.04.2020";null;6
128362;"57290";"05970036";"Neunkirchen";"09.04.2020";null;6
128366;"57299";"05970008";"Burbach";"09.04.2020";null;6
128374;"57319";"05970004";"Bad Berleburg";"09.04.2020";null;6
128379;"57334";"05970028";"Bad Laasphe";"09.04.2020";null;6
128381;"57339";"05970012";"Erndtebrück";"09.04.2020";null;6
128389;"57368";"05966020";"Lennestadt";"09.04.2020";null;6
128396;"57392";"05958040";"Schmallenberg";"09.04.2020";null;6
128400;"57399";"05966016";"Kirchhundem";"09.04.2020";null;6
128405;"57413";"05966012";"Finnentrop";"09.04.2020";null;6
128411;"57439";"05966004";"Attendorn";"09.04.2020";null;6
128422;"57462";"05966024";"Olpe";"09.04.2020";null;6
128426;"57482";"05966028";"Wenden";"09.04.2020";null;6
128430;"57489";"05966008";"Drolshagen";"09.04.2020";null;6
128487;"58089";"05914000";"Hagen";"09.04.2020";null;6
128488;"58091";"05914000";"Hagen";"09.04.2020";null;6
128489;"58093";"05914000";"Hagen";"09.04.2020";null;6
128490;"58095";"05914000";"Hagen";"09.04.2020";null;6
128491;"58097";"05914000";"Hagen";"09.04.2020";null;6
128492;"58099";"05914000";"Hagen";"09.04.2020";null;6
128501;"58119";"05914000";"Hagen";"09.04.2020";null;6
128509;"58135";"05914000";"Hagen";"09.04.2020";null;6
128532;"58239";"05978028";"Schwerte";"09.04.2020";null;6
128542;"58256";"05954008";"Ennepetal";"09.04.2020";null;6
128559;"58285";"05954012";"Gevelsberg";"09.04.2020";null;6
128568;"58300";"05954032";"Wetter (Ruhr)";"09.04.2020";null;6
128576;"58313";"05954020";"Herdecke";"09.04.2020";null;6
128587;"58332";"05954024";"Schwelm";"09.04.2020";null;6
128592;"58339";"05954004";"Breckerfeld";"09.04.2020";null;6
128618;"58452";"05954036";"Witten";"09.04.2020";null;6
128619;"58453";"05954036";"Witten";"09.04.2020";null;6
128620;"58454";"05954036";"Witten";"09.04.2020";null;6
128621;"58455";"05954036";"Witten";"09.04.2020";null;6
128622;"58456";"05954036";"Witten";"09.04.2020";null;6
128648;"58507";"05962032";"Lüdenscheid";"09.04.2020";null;6
128649;"58509";"05962032";"Lüdenscheid";"09.04.2020";null;6
128650;"58511";"05962032";"Lüdenscheid";"09.04.2020";null;6
128651;"58513";"05962032";"Lüdenscheid";"09.04.2020";null;6
128652;"58515";"05962032";"Lüdenscheid";"09.04.2020";null;6
128658;"58540";"05962036";"Meinerzhagen";"09.04.2020";null;6
128664;"58553";"05962012";"Halver";"09.04.2020";null;6
128671;"58566";"05962028";"Kierspe";"09.04.2020";null;6
128677;"58579";"05962056";"Schalksmühle";"09.04.2020";null;6
128708;"58636";"05962024";"Iserlohn";"09.04.2020";null;6
128709;"58638";"05962024";"Iserlohn";"09.04.2020";null;6
128710;"58640";"05962024";"Iserlohn";"09.04.2020";null;6
128711;"58642";"05962024";"Iserlohn";"09.04.2020";null;6
128712;"58644";"05962024";"Iserlohn";"09.04.2020";null;6
128724;"58675";"05962016";"Hemer";"09.04.2020";null;6
128740;"58706";"05962040";"Menden (Sauerland)";"09.04.2020";null;6
128741;"58708";"05962040";"Menden (Sauerland)";"09.04.2020";null;6
128742;"58710";"05962040";"Menden (Sauerland)";"09.04.2020";null;6
128748;"58730";"05978012";"Fröndenberg/Ruhr";"09.04.2020";null;6
128754;"58739";"05974056";"Wickede (Ruhr)";"09.04.2020";null;6
128764;"58762";"05962004";"Altena";"09.04.2020";null;6
128766;"58769";"05962044";"Nachrodt-Wiblingwerde";"09.04.2020";null;6
128775;"58791";"05962060";"Werdohl";"09.04.2020";null;6
128781;"58802";"05962008";"Balve";"09.04.2020";null;6
128786;"58809";"05962048";"Neuenrade";"09.04.2020";null;6
128801;"58840";"05962052";"Plettenberg";"09.04.2020";null;6
128805;"58849";"05962020";"Herscheid";"09.04.2020";null;6
128846;"59063";"05915000";"Hamm";"09.04.2020";null;6
128847;"59065";"05915000";"Hamm";"09.04.2020";null;6
128848;"59067";"05915000";"Hamm";"09.04.2020";null;6
128849;"59069";"05915000";"Hamm";"09.04.2020";null;6
128850;"59071";"05915000";"Hamm";"09.04.2020";null;6
128851;"59073";"05915000";"Hamm";"09.04.2020";null;6
128852;"59075";"05915000";"Hamm";"09.04.2020";null;6
128853;"59077";"05915000";"Hamm";"09.04.2020";null;6
128868;"59174";"05978020";"Kamen";"09.04.2020";null;6
128876;"59192";"05978004";"Bergkamen";"09.04.2020";null;6
128880;"59199";"05978008";"Bönen";"09.04.2020";null;6
128897;"59227";"05570004";"Ahlen";"09.04.2020";null;6
128898;"59229";"05570004";"Ahlen";"09.04.2020";null;6
128914;"59269";"05570008";"Beckum";"09.04.2020";null;6
128926;"59302";"05570028";"Oelde";"09.04.2020";null;6
128932;"59320";"05570020";"Ennigerloh";"09.04.2020";null;6
128935;"59329";"05570048";"Wadersloh";"09.04.2020";null;6
128942;"59348";"05558024";"Lüdinghausen";"09.04.2020";null;6
128951;"59368";"05978040";"Werne";"09.04.2020";null;6
128956;"59379";"05978032";"Selm";"09.04.2020";null;6
128960;"59387";"05558004";"Ascheberg";"09.04.2020";null;6
128963;"59394";"05558028";"Nordkirchen";"09.04.2020";null;6
128966;"59399";"05558036";"Olfen";"09.04.2020";null;6
128980;"59423";"05978036";"Unna";"09.04.2020";null;6
128981;"59425";"05978036";"Unna";"09.04.2020";null;6
128982;"59427";"05978036";"Unna";"09.04.2020";null;6
128987;"59439";"05978016";"Holzwickede";"09.04.2020";null;6
128998;"59457";"05974052";"Werl";"09.04.2020";null;6
129002;"59469";"05974012";"Ense";"09.04.2020";null;6
129021;"59494";"05974040";"Soest";"09.04.2020";null;6
129025;"59505";"05974008";"Bad Sassendorf";"09.04.2020";null;6
129027;"59510";"05974024";"Lippetal";"09.04.2020";null;6
129030;"59514";"05974048";"Welver";"09.04.2020";null;6
129034;"59519";"05974032";"Möhnesee";"09.04.2020";null;6
129057;"59555";"05974028";"Lippstadt";"09.04.2020";null;6
129058;"59556";"05974028";"Lippstadt";"09.04.2020";null;6
129059;"59557";"05974028";"Lippstadt";"09.04.2020";null;6
129060;"59558";"05974028";"Lippstadt";"09.04.2020";null;6
129070;"59581";"05974044";"Warstein";"09.04.2020";null;6
129075;"59590";"05974020";"Geseke";"09.04.2020";null;6
129079;"59597";"05974016";"Erwitte";"09.04.2020";null;6
129083;"59602";"05974036";"Rüthen";"09.04.2020";null;6
129087;"59609";"05974004";"Anröchte";"09.04.2020";null;6
129111;"59755";"05958004";"Arnsberg";"09.04.2020";null;6
129112;"59757";"05958004";"Arnsberg";"09.04.2020";null;6
129113;"59759";"05958004";"Arnsberg";"09.04.2020";null;6
129124;"59821";"05958004";"Arnsberg";"09.04.2020";null;6
129125;"59823";"05958004";"Arnsberg";"09.04.2020";null;6
129135;"59846";"05958044";"Sundern (Sauerland)";"09.04.2020";null;6
129146;"59872";"05958032";"Meschede";"09.04.2020";null;6
129149;"59889";"05958016";"Eslohe (Sauerland)";"09.04.2020";null;6
129153;"59909";"05958008";"Bestwig";"09.04.2020";null;6
129161;"59929";"05958012";"Brilon";"09.04.2020";null;6
129166;"59939";"05958036";"Olsberg";"09.04.2020";null;6
129173;"59955";"05958048";"Winterberg";"09.04.2020";null;6
129177;"59964";"05958028";"Medebach";"09.04.2020";null;6
129180;"59969";"05958020";"Hallenberg";"09.04.2020";null;6
